ID;token;organizations;itinerary;lat;lgt;distance;duration;weather;roadtype;traffic;circadian;pause;outlayer;timestamp;reload_weather;reload_roadtype;date
1972082;NULL;NULL;6abca0f8-8939-44f5-ac26-739d4dd69216;47.63914108276367;6.148162841796875;0;0;1;1;1;2;0;0;1627980958;0;0;"2021-08-03 10:22:36"
1972083;NULL;NULL;6abca0f8-8939-44f5-ac26-739d4dd69216;47.63914108276367;6.148162841796875;0;0;1;3;1;2;1;0;1627980958;1;1;"2021-08-03 10:22:53"
1972084;NULL;NULL;6abca0f8-8939-44f5-ac26-739d4dd69216;47.63613510131836;6.152409553527832;460;6;1;1;1;2;1;0;1627980964;0;0;"2021-08-03 10:23:20"
1972085;NULL;NULL;6abca0f8-8939-44f5-ac26-739d4dd69216;47.636070251464844;6.152629375457764;480;12;1;1;1;2;0;0;1627980970;0;0;"2021-08-03 10:23:27"
1972086;NULL;NULL;6abca0f8-8939-44f5-ac26-739d4dd69216;47.63618087768555;6.152917861938477;510;18;1;1;1;2;0;0;1627980976;0;0;"2021-08-03 10:23:33"
1972087;NULL;NULL;6abca0f8-8939-44f5-ac26-739d4dd69216;47.63631057739258;6.1533074378967285;540;24;1;1;1;2;0;0;1627980982;0;0;"2021-08-03 10:23:40"
1972088;NULL;NULL;6abca0f8-8939-44f5-ac26-739d4dd69216;47.63629150390625;6.153724193572998;570;30;1;1;1;2;0;0;1627980988;0;0;"2021-08-03 10:23:46"
1972089;NULL;NULL;6abca0f8-8939-44f5-ac26-739d4dd69216;47.6335563659668;6.158865451812744;1060;72;1;0;1;2;0;0;1627981030;1;1;"2021-08-03 10:23:51"
1972090;NULL;NULL;6abca0f8-8939-44f5-ac26-739d4dd69216;47.63611602783203;6.154202461242676;610;36;1;1;1;2;0;0;1627980994;0;0;"2021-08-03 10:23:53"
1972091;NULL;NULL;6abca0f8-8939-44f5-ac26-739d4dd69216;47.63304138183594;6.15986442565918;1150;78;1;1;1;2;0;0;1627981036;0;0;"2021-08-03 10:23:58"
1972092;NULL;NULL;6abca0f8-8939-44f5-ac26-739d4dd69216;47.63590621948242;6.154811859130859;660;42;1;1;1;2;0;0;1627981000;0;0;"2021-08-03 10:24:00"
1972093;NULL;NULL;6abca0f8-8939-44f5-ac26-739d4dd69216;47.63258743286133;6.160764217376709;1230;84;1;1;1;2;0;0;1627981042;0;0;"2021-08-03 10:24:05"
1972094;NULL;NULL;6abca0f8-8939-44f5-ac26-739d4dd69216;47.63562774658203;6.155460357666016;720;48;1;1;1;2;0;0;1627981006;0;0;"2021-08-03 10:24:07"
1972095;NULL;NULL;6abca0f8-8939-44f5-ac26-739d4dd69216;47.63217544555664;6.161655426025391;1310;90;1;0;1;2;0;0;1627981048;0;0;"2021-08-03 10:24:12"
1972096;NULL;NULL;6abca0f8-8939-44f5-ac26-739d4dd69216;47.63521194458008;6.156049728393555;780;54;1;1;1;2;0;0;1627981012;0;0;"2021-08-03 10:24:14"
1972097;NULL;NULL;6abca0f8-8939-44f5-ac26-739d4dd69216;47.631717681884766;6.162620544433594;1400;96;1;0;1;2;0;0;1627981054;0;0;"2021-08-03 10:24:20"
1972098;NULL;NULL;6abca0f8-8939-44f5-ac26-739d4dd69216;47.628639221191406;6.170310974121094;2070;132;1;0;1;2;0;0;1627981090;1;1;"2021-08-03 10:24:22"
1972099;NULL;NULL;6abca0f8-8939-44f5-ac26-739d4dd69216;47.63467788696289;6.156808853149414;860;60;1;1;1;2;0;0;1627981018;0;0;"2021-08-03 10:24:22"
1972100;NULL;NULL;6abca0f8-8939-44f5-ac26-739d4dd69216;47.631126403808594;6.163844585418701;1510;102;1;0;1;2;0;0;1627981060;0;0;"2021-08-03 10:24:27"
1972101;NULL;NULL;6abca0f8-8939-44f5-ac26-739d4dd69216;47.62815475463867;6.171474933624268;2170;138;1;1;1;2;0;0;1627981096;0;0;"2021-08-03 10:24:29"
1972102;NULL;NULL;6abca0f8-8939-44f5-ac26-739d4dd69216;47.634132385253906;6.15778112411499;950;66;1;1;1;2;0;0;1627981024;0;0;"2021-08-03 10:24:29"
1972103;NULL;NULL;6abca0f8-8939-44f5-ac26-739d4dd69216;47.63042068481445;6.165280818939209;1640;108;1;0;1;2;0;0;1627981066;0;0;"2021-08-03 10:24:35"
1972104;NULL;NULL;6abca0f8-8939-44f5-ac26-739d4dd69216;47.62782669067383;6.1726908683776855;2270;144;1;0;1;2;0;0;1627981102;0;0;"2021-08-03 10:24:37"
1972105;NULL;NULL;6abca0f8-8939-44f5-ac26-739d4dd69216;47.62994384765625;6.16642951965332;1740;114;1;0;1;2;0;0;1627981072;0;0;"2021-08-03 10:24:42"
1972106;NULL;NULL;6abca0f8-8939-44f5-ac26-739d4dd69216;47.6276741027832;6.173985004425049;2370;150;1;0;1;2;0;0;1627981108;0;0;"2021-08-03 10:24:43"
1972107;NULL;NULL;6abca0f8-8939-44f5-ac26-739d4dd69216;47.62958908081055;6.167732238769531;1850;120;1;0;1;2;0;0;1627981078;0;0;"2021-08-03 10:24:50"
1972108;NULL;NULL;6abca0f8-8939-44f5-ac26-739d4dd69216;47.6277961730957;6.175300121307373;2470;156;1;0;1;2;0;0;1627981114;0;0;"2021-08-03 10:24:51"
1972109;NULL;NULL;6abca0f8-8939-44f5-ac26-739d4dd69216;47.625274658203125;6.184518814086914;3200;198;1;0;1;2;0;0;1627981156;1;1;"2021-08-03 10:24:52"
1972110;NULL;NULL;6abca0f8-8939-44f5-ac26-739d4dd69216;47.629146575927734;6.16902494430542;1960;126;1;0;1;2;0;0;1627981084;0;0;"2021-08-03 10:24:57"
1972111;NULL;NULL;6abca0f8-8939-44f5-ac26-739d4dd69216;47.62785339355469;6.176729679107666;2580;162;1;0;1;2;0;0;1627981120;0;0;"2021-08-03 10:24:59"
1972112;NULL;NULL;6abca0f8-8939-44f5-ac26-739d4dd69216;47.62474822998047;6.185673713684082;3300;204;1;0;1;2;0;0;1627981162;0;0;"2021-08-03 10:25:00"
1972113;NULL;NULL;6abca0f8-8939-44f5-ac26-739d4dd69216;47.627593994140625;6.178091049194336;2690;168;1;0;1;2;0;0;1627981126;0;0;"2021-08-03 10:25:07"
1972114;NULL;NULL;6abca0f8-8939-44f5-ac26-739d4dd69216;47.62435531616211;6.186967849731445;3410;210;1;0;1;2;0;0;1627981168;0;0;"2021-08-03 10:25:08"
1972115;NULL;NULL;6abca0f8-8939-44f5-ac26-739d4dd69216;47.62723922729492;6.179446220397949;2800;174;1;0;1;2;0;0;1627981132;0;0;"2021-08-03 10:25:15"
1972116;NULL;NULL;6abca0f8-8939-44f5-ac26-739d4dd69216;47.624061584472656;6.188351154327393;3520;216;1;0;1;2;0;0;1627981174;0;0;"2021-08-03 10:25:16"
1972117;NULL;NULL;6abca0f8-8939-44f5-ac26-739d4dd69216;47.623783111572266;6.198533535003662;4280;258;1;0;1;2;0;0;1627981216;1;1;"2021-08-03 10:25:23"
1972118;NULL;NULL;6abca0f8-8939-44f5-ac26-739d4dd69216;47.623748779296875;6.189749717712402;3630;222;1;0;1;2;0;0;1627981180;0;0;"2021-08-03 10:25:23"
1972119;NULL;NULL;6abca0f8-8939-44f5-ac26-739d4dd69216;47.62690734863281;6.1808085441589355;2910;180;1;0;1;2;0;0;1627981138;0;0;"2021-08-03 10:25:23"
1972120;NULL;NULL;6abca0f8-8939-44f5-ac26-739d4dd69216;47.62395477294922;6.2000956535339355;4400;264;1;0;1;2;0;0;1627981222;0;0;"2021-08-03 10:25:32"
1972121;NULL;NULL;6abca0f8-8939-44f5-ac26-739d4dd69216;47.623451232910156;6.191137790679932;3740;228;1;0;1;2;0;0;1627981186;0;0;"2021-08-03 10:25:32"
1972122;NULL;NULL;6abca0f8-8939-44f5-ac26-739d4dd69216;47.626487731933594;6.182151794433594;3020;186;1;0;1;2;0;0;1627981144;0;0;"2021-08-03 10:25:32"
1972123;NULL;NULL;6abca0f8-8939-44f5-ac26-739d4dd69216;47.62411117553711;6.2016754150390625;4520;270;1;0;1;2;0;0;1627981228;0;0;"2021-08-03 10:25:40"
1972124;NULL;NULL;6abca0f8-8939-44f5-ac26-739d4dd69216;47.6232795715332;6.192546367645264;3850;234;1;0;1;2;0;0;1627981192;0;0;"2021-08-03 10:25:41"
1972125;NULL;NULL;6abca0f8-8939-44f5-ac26-739d4dd69216;47.625911712646484;6.183387279510498;3130;192;1;1;1;2;0;0;1627981150;0;0;"2021-08-03 10:25:41"
1972126;NULL;NULL;6abca0f8-8939-44f5-ac26-739d4dd69216;47.62331771850586;6.193977355957031;3960;240;1;0;1;2;0;0;1627981198;0;0;"2021-08-03 10:25:49"
1972127;NULL;NULL;6abca0f8-8939-44f5-ac26-739d4dd69216;47.624271392822266;6.203308582305908;4640;276;1;0;1;2;0;0;1627981234;0;0;"2021-08-03 10:25:49"
1972128;NULL;NULL;6abca0f8-8939-44f5-ac26-739d4dd69216;47.62554168701172;6.2147417068481445;5480;318;1;0;1;2;0;0;1627981276;1;1;"2021-08-03 10:25:53"
1972129;NULL;NULL;6abca0f8-8939-44f5-ac26-739d4dd69216;47.62346267700195;6.195410251617432;4070;246;1;0;1;2;0;0;1627981204;0;0;"2021-08-03 10:25:58"
1972130;NULL;NULL;6abca0f8-8939-44f5-ac26-739d4dd69216;47.62443542480469;6.2049102783203125;4760;282;1;0;1;2;0;0;1627981240;0;0;"2021-08-03 10:25:58"
1972131;NULL;NULL;6abca0f8-8939-44f5-ac26-739d4dd69216;47.62574005126953;6.216193199157715;5590;324;1;0;1;2;0;0;1627981282;0;0;"2021-08-03 10:26:02"
1972132;NULL;NULL;6abca0f8-8939-44f5-ac26-739d4dd69216;47.62459182739258;6.206432819366455;4880;288;1;0;1;2;0;0;1627981246;0;0;"2021-08-03 10:26:08"
1972133;NULL;NULL;6abca0f8-8939-44f5-ac26-739d4dd69216;47.62361526489258;6.196934700012207;4190;252;1;0;1;2;0;0;1627981210;0;0;"2021-08-03 10:26:08"
1972134;NULL;NULL;6abca0f8-8939-44f5-ac26-739d4dd69216;47.62598419189453;6.217657089233398;5700;330;1;0;1;2;0;0;1627981288;0;0;"2021-08-03 10:26:11"
1972135;NULL;NULL;6abca0f8-8939-44f5-ac26-739d4dd69216;47.624786376953125;6.208071231842041;5000;294;1;0;1;2;0;0;1627981252;0;0;"2021-08-03 10:26:16"
1972136;NULL;NULL;6abca0f8-8939-44f5-ac26-739d4dd69216;47.62613296508789;6.21875524520874;5780;336;1;0;1;2;0;0;1627981294;0;0;"2021-08-03 10:26:20"
1972137;NULL;NULL;6abca0f8-8939-44f5-ac26-739d4dd69216;47.62721633911133;6.2310662269592285;6710;384;1;0;1;2;0;0;1627981342;1;1;"2021-08-03 10:26:23"
1972138;NULL;NULL;6abca0f8-8939-44f5-ac26-739d4dd69216;47.624969482421875;6.209731578826904;5130;300;1;0;1;2;0;0;1627981258;0;0;"2021-08-03 10:26:26"
1972139;NULL;NULL;6abca0f8-8939-44f5-ac26-739d4dd69216;47.626285552978516;6.22025203704834;5890;342;1;0;1;2;0;0;1627981300;0;0;"2021-08-03 10:26:29"
1972140;NULL;NULL;6abca0f8-8939-44f5-ac26-739d4dd69216;47.62748718261719;6.23257303237915;6830;390;1;0;1;2;0;0;1627981348;0;0;"2021-08-03 10:26:33"
1972141;NULL;NULL;6abca0f8-8939-44f5-ac26-739d4dd69216;47.62515640258789;6.211472034454346;5260;306;1;0;1;2;0;0;1627981264;0;0;"2021-08-03 10:26:35"
1972142;NULL;NULL;6abca0f8-8939-44f5-ac26-739d4dd69216;47.6264762878418;6.221704006195068;6000;348;1;0;1;2;0;0;1627981306;0;0;"2021-08-03 10:26:38"
1972143;NULL;NULL;6abca0f8-8939-44f5-ac26-739d4dd69216;47.628013610839844;6.233940124511719;6950;396;1;0;1;2;0;0;1627981354;0;0;"2021-08-03 10:26:42"
1972144;NULL;NULL;6abca0f8-8939-44f5-ac26-739d4dd69216;47.62535858154297;6.213185787200928;5390;312;1;0;1;2;0;0;1627981270;0;0;"2021-08-03 10:26:44"
1972145;NULL;NULL;6abca0f8-8939-44f5-ac26-739d4dd69216;47.626670837402344;6.223291873931885;6120;354;1;0;1;2;0;0;1627981312;0;0;"2021-08-03 10:26:48"
1972146;NULL;NULL;6abca0f8-8939-44f5-ac26-739d4dd69216;47.6286735534668;6.235239028930664;7070;402;1;0;1;2;0;0;1627981360;0;0;"2021-08-03 10:26:51"
1972147;NULL;NULL;6abca0f8-8939-44f5-ac26-739d4dd69216;47.63315200805664;6.244729042053223;7940;444;1;0;1;2;0;0;1627981402;1;1;"2021-08-03 10:26:53"
1972148;NULL;NULL;6abca0f8-8939-44f5-ac26-739d4dd69216;47.626853942871094;6.224849700927734;6240;360;1;0;1;2;0;0;1627981318;0;0;"2021-08-03 10:26:57"
1972149;NULL;NULL;6abca0f8-8939-44f5-ac26-739d4dd69216;47.62930679321289;6.2366108894348145;7190;408;1;0;1;2;0;0;1627981366;0;0;"2021-08-03 10:27:01"
1972150;NULL;NULL;6abca0f8-8939-44f5-ac26-739d4dd69216;47.63381576538086;6.2458648681640625;8050;450;1;0;1;2;0;0;1627981408;0;0;"2021-08-03 10:27:03"
1972151;NULL;NULL;6abca0f8-8939-44f5-ac26-739d4dd69216;47.627017974853516;6.226430416107178;6360;366;1;0;1;2;0;0;1627981324;0;0;"2021-08-03 10:27:07"
1972152;NULL;NULL;6abca0f8-8939-44f5-ac26-739d4dd69216;47.629730224609375;6.238117694854736;7310;414;1;0;1;2;0;0;1627981372;0;0;"2021-08-03 10:27:10"
1972153;NULL;NULL;6abca0f8-8939-44f5-ac26-739d4dd69216;47.63449478149414;6.246971607208252;8160;456;1;0;1;2;0;0;1627981414;0;0;"2021-08-03 10:27:11"
1972154;NULL;NULL;6abca0f8-8939-44f5-ac26-739d4dd69216;47.627105712890625;6.228071689605713;6480;372;1;0;1;2;0;0;1627981330;0;0;"2021-08-03 10:27:16"
1972155;NULL;NULL;6abca0f8-8939-44f5-ac26-739d4dd69216;47.630245208740234;6.239564418792725;7430;420;1;0;1;2;0;0;1627981378;0;0;"2021-08-03 10:27:20"
1972156;NULL;NULL;6abca0f8-8939-44f5-ac26-739d4dd69216;47.63520431518555;6.248037338256836;8270;462;1;0;1;2;0;0;1627981420;0;0;"2021-08-03 10:27:21"
1972157;NULL;NULL;6abca0f8-8939-44f5-ac26-739d4dd69216;47.64081573486328;6.254092693328857;9040;504;1;0;1;2;0;0;1627981462;1;1;"2021-08-03 10:27:24"
1972158;NULL;NULL;6abca0f8-8939-44f5-ac26-739d4dd69216;47.62712478637695;6.229589939117432;6590;378;1;0;1;2;0;0;1627981336;0;0;"2021-08-03 10:27:26"
1972159;NULL;NULL;6abca0f8-8939-44f5-ac26-739d4dd69216;47.63093948364258;6.2408928871154785;7560;426;1;0;1;2;0;0;1627981384;0;0;"2021-08-03 10:27:29"
1972160;NULL;NULL;6abca0f8-8939-44f5-ac26-739d4dd69216;47.63602066040039;6.248985767364502;8390;468;1;0;1;2;0;0;1627981426;0;0;"2021-08-03 10:27:30"
1972161;NULL;NULL;6abca0f8-8939-44f5-ac26-739d4dd69216;47.6415901184082;6.255231857299805;9160;510;1;0;1;2;0;0;1627981468;0;0;"2021-08-03 10:27:33"
1972162;NULL;NULL;6abca0f8-8939-44f5-ac26-739d4dd69216;47.63168716430664;6.2421746253967285;7690;432;1;0;1;2;0;0;1627981390;0;0;"2021-08-03 10:27:39"
1972163;NULL;NULL;6abca0f8-8939-44f5-ac26-739d4dd69216;47.63685607910156;6.249939441680908;8510;474;1;0;1;2;0;0;1627981432;0;0;"2021-08-03 10:27:40"
1972164;NULL;NULL;6abca0f8-8939-44f5-ac26-739d4dd69216;47.64220428466797;6.256759166717529;9290;516;1;0;1;2;0;0;1627981474;0;0;"2021-08-03 10:27:43"
1972165;NULL;NULL;6abca0f8-8939-44f5-ac26-739d4dd69216;47.63245391845703;6.243484973907471;7820;438;1;0;1;2;0;0;1627981396;0;0;"2021-08-03 10:27:48"
1972166;NULL;NULL;6abca0f8-8939-44f5-ac26-739d4dd69216;47.637664794921875;6.250890254974365;8620;480;1;0;1;2;0;0;1627981438;0;0;"2021-08-03 10:27:49"
1972167;NULL;NULL;6abca0f8-8939-44f5-ac26-739d4dd69216;47.64255905151367;6.258677959442139;9440;522;1;0;1;2;0;0;1627981480;0;0;"2021-08-03 10:27:52"
1972168;NULL;NULL;6abca0f8-8939-44f5-ac26-739d4dd69216;47.6405029296875;6.27064847946167;10350;564;1;0;1;2;0;0;1627981522;1;1;"2021-08-03 10:27:54"
1972169;NULL;NULL;6abca0f8-8939-44f5-ac26-739d4dd69216;47.6384162902832;6.251759052276611;8730;486;1;0;1;2;0;0;1627981444;0;0;"2021-08-03 10:27:59"
1972170;NULL;NULL;6abca0f8-8939-44f5-ac26-739d4dd69216;47.642662048339844;6.260463237762451;9570;528;1;0;1;2;0;0;1627981486;0;0;"2021-08-03 10:28:03"
1972171;NULL;NULL;6abca0f8-8939-44f5-ac26-739d4dd69216;47.64043045043945;6.272557258605957;10490;570;1;0;1;2;0;0;1627981528;0;0;"2021-08-03 10:28:04"
1972172;NULL;NULL;6abca0f8-8939-44f5-ac26-739d4dd69216;47.639183044433594;6.252525329589844;8830;492;1;0;1;2;0;0;1627981450;0;0;"2021-08-03 10:28:09"
1972173;NULL;NULL;6abca0f8-8939-44f5-ac26-739d4dd69216;47.64276123046875;6.26230001449585;9710;534;1;0;1;2;0;0;1627981492;0;0;"2021-08-03 10:28:11"
1972174;NULL;NULL;6abca0f8-8939-44f5-ac26-739d4dd69216;47.640380859375;6.274216175079346;10610;576;1;0;1;2;0;0;1627981534;0;0;"2021-08-03 10:28:14"
1972175;NULL;NULL;6abca0f8-8939-44f5-ac26-739d4dd69216;47.639976501464844;6.253270626068115;8930;498;1;0;1;2;0;0;1627981456;0;0;"2021-08-03 10:28:18"
1972176;NULL;NULL;6abca0f8-8939-44f5-ac26-739d4dd69216;47.64263916015625;6.264039039611816;9840;540;1;0;1;2;0;0;1627981498;0;0;"2021-08-03 10:28:21"
1972177;NULL;NULL;6abca0f8-8939-44f5-ac26-739d4dd69216;47.640350341796875;6.27530574798584;10690;582;1;0;1;2;0;0;1627981540;0;0;"2021-08-03 10:28:23"
1972178;NULL;NULL;6abca0f8-8939-44f5-ac26-739d4dd69216;47.64396667480469;6.285272121429443;11530;630;1;0;1;2;0;0;1627981588;1;1;"2021-08-03 10:28:24"
1972179;NULL;NULL;6abca0f8-8939-44f5-ac26-739d4dd69216;47.642051696777344;6.265560626983643;9970;546;1;0;1;2;0;0;1627981504;0;0;"2021-08-03 10:28:31"
1972180;NULL;NULL;6abca0f8-8939-44f5-ac26-739d4dd69216;47.6403694152832;6.277393817901611;10850;588;1;0;1;2;0;0;1627981546;0;0;"2021-08-03 10:28:33"
1972181;NULL;NULL;6abca0f8-8939-44f5-ac26-739d4dd69216;47.644187927246094;6.286642551422119;11640;636;1;0;1;2;0;0;1627981594;0;0;"2021-08-03 10:28:33"
1972182;NULL;NULL;6abca0f8-8939-44f5-ac26-739d4dd69216;47.64132308959961;6.26696252822876;10100;552;1;0;1;2;0;0;1627981510;0;0;"2021-08-03 10:28:40"
1972183;NULL;NULL;6abca0f8-8939-44f5-ac26-739d4dd69216;47.64076232910156;6.278740882873535;10960;594;1;0;1;2;0;0;1627981552;0;0;"2021-08-03 10:28:42"
1972184;NULL;NULL;6abca0f8-8939-44f5-ac26-739d4dd69216;47.64426803588867;6.288082122802734;11750;642;1;0;1;2;0;0;1627981600;0;0;"2021-08-03 10:28:42"
1972185;NULL;NULL;6abca0f8-8939-44f5-ac26-739d4dd69216;47.64071273803711;6.2686614990234375;10240;558;1;0;1;2;0;0;1627981516;0;0;"2021-08-03 10:28:50"
1972186;NULL;NULL;6abca0f8-8939-44f5-ac26-739d4dd69216;47.64130783081055;6.279852390289307;11060;600;1;0;1;2;0;0;1627981558;0;0;"2021-08-03 10:28:52"
1972187;NULL;NULL;6abca0f8-8939-44f5-ac26-739d4dd69216;47.64438247680664;6.289503574371338;11860;648;1;0;1;2;0;0;1627981606;0;0;"2021-08-03 10:28:52"
1972188;NULL;NULL;6abca0f8-8939-44f5-ac26-739d4dd69216;47.64710998535156;6.298455715179443;12590;690;1;0;1;2;0;0;1627981648;1;1;"2021-08-03 10:28:54"
1972189;NULL;NULL;6abca0f8-8939-44f5-ac26-739d4dd69216;47.64190673828125;6.280856609344482;11160;606;1;0;1;2;0;0;1627981564;0;0;"2021-08-03 10:29:02"
1972190;NULL;NULL;6abca0f8-8939-44f5-ac26-739d4dd69216;47.64459991455078;6.29083776473999;11960;654;1;0;1;2;0;0;1627981612;0;0;"2021-08-03 10:29:02"
1972191;NULL;NULL;6abca0f8-8939-44f5-ac26-739d4dd69216;47.647579193115234;6.299610137939453;12690;696;1;0;1;2;0;0;1627981654;0;0;"2021-08-03 10:29:04"
1972192;NULL;NULL;6abca0f8-8939-44f5-ac26-739d4dd69216;47.64252853393555;6.2818403244018555;11260;612;1;0;1;2;0;0;1627981570;0;0;"2021-08-03 10:29:11"
1972193;NULL;NULL;6abca0f8-8939-44f5-ac26-739d4dd69216;47.644893646240234;6.2921600341796875;12060;660;1;0;1;2;0;0;1627981618;0;0;"2021-08-03 10:29:12"
1972194;NULL;NULL;6abca0f8-8939-44f5-ac26-739d4dd69216;47.64830780029297;6.300698757171631;12800;702;1;0;1;2;0;0;1627981660;0;0;"2021-08-03 10:29:13"
1972195;NULL;NULL;6abca0f8-8939-44f5-ac26-739d4dd69216;47.64312744140625;6.282876014709473;11360;618;1;0;1;2;0;0;1627981576;0;0;"2021-08-03 10:29:21"
1972196;NULL;NULL;6abca0f8-8939-44f5-ac26-739d4dd69216;47.645233154296875;6.293437957763672;12160;666;1;0;1;2;0;0;1627981624;0;0;"2021-08-03 10:29:21"
1972197;NULL;NULL;6abca0f8-8939-44f5-ac26-739d4dd69216;47.649017333984375;6.301866054534912;12920;708;1;0;1;2;0;0;1627981666;0;0;"2021-08-03 10:29:23"
1972198;NULL;NULL;6abca0f8-8939-44f5-ac26-739d4dd69216;47.653438568115234;6.311314582824707;13780;750;1;0;1;2;0;0;1627981708;1;1;"2021-08-03 10:29:24"
1972199;NULL;NULL;6abca0f8-8939-44f5-ac26-739d4dd69216;47.64360809326172;6.284008979797363;11460;624;1;0;1;2;0;0;1627981582;0;0;"2021-08-03 10:29:31"
1972200;NULL;NULL;6abca0f8-8939-44f5-ac26-739d4dd69216;47.64568328857422;6.294668197631836;12260;672;1;0;1;2;0;0;1627981630;0;0;"2021-08-03 10:29:31"
1972201;NULL;NULL;6abca0f8-8939-44f5-ac26-739d4dd69216;47.64975357055664;6.303145885467529;13050;714;1;0;1;2;0;0;1627981672;0;0;"2021-08-03 10:29:34"
1972202;NULL;NULL;6abca0f8-8939-44f5-ac26-739d4dd69216;47.65360641479492;6.312880992889404;13900;756;1;0;1;2;0;0;1627981714;0;0;"2021-08-03 10:29:34"
1972203;NULL;NULL;6abca0f8-8939-44f5-ac26-739d4dd69216;47.646148681640625;6.295913219451904;12370;678;1;0;1;2;0;0;1627981636;0;0;"2021-08-03 10:29:41"
1972204;NULL;NULL;6abca0f8-8939-44f5-ac26-739d4dd69216;47.65042495727539;6.304434776306152;13170;720;1;0;1;2;0;0;1627981678;0;0;"2021-08-03 10:29:43"
1972205;NULL;NULL;6abca0f8-8939-44f5-ac26-739d4dd69216;47.6539192199707;6.314543724060059;14030;762;1;0;1;2;0;0;1627981720;0;0;"2021-08-03 10:29:44"
1972206;NULL;NULL;6abca0f8-8939-44f5-ac26-739d4dd69216;47.6466178894043;6.297219753265381;12480;684;1;0;1;2;0;0;1627981642;0;0;"2021-08-03 10:29:50"
1972207;NULL;NULL;6abca0f8-8939-44f5-ac26-739d4dd69216;47.65104675292969;6.305636405944824;13280;726;1;0;1;2;0;0;1627981684;0;0;"2021-08-03 10:29:52"
1972208;NULL;NULL;6abca0f8-8939-44f5-ac26-739d4dd69216;47.657291412353516;6.327212333679199;15040;810;1;0;1;2;0;0;1627981768;1;1;"2021-08-03 10:29:53"
1972209;NULL;NULL;6abca0f8-8939-44f5-ac26-739d4dd69216;47.65395736694336;6.316341876983643;14160;768;1;0;1;2;0;0;1627981726;0;0;"2021-08-03 10:29:54"
1972210;NULL;NULL;6abca0f8-8939-44f5-ac26-739d4dd69216;47.65172576904297;6.307004928588867;13410;732;1;0;1;2;0;0;1627981690;0;0;"2021-08-03 10:30:03"
1972211;NULL;NULL;6abca0f8-8939-44f5-ac26-739d4dd69216;47.657814025878906;6.328576564788818;15160;816;1;0;1;2;0;0;1627981774;0;0;"2021-08-03 10:30:04"
1972212;NULL;NULL;6abca0f8-8939-44f5-ac26-739d4dd69216;47.65394592285156;6.318073272705078;14290;774;1;0;1;2;0;0;1627981732;0;0;"2021-08-03 10:30:05"
1972213;NULL;NULL;6abca0f8-8939-44f5-ac26-739d4dd69216;47.652400970458984;6.308416366577148;13540;738;1;0;1;2;0;0;1627981696;0;0;"2021-08-03 10:30:13"
1972214;NULL;NULL;6abca0f8-8939-44f5-ac26-739d4dd69216;47.6583137512207;6.329905033111572;15270;822;1;0;1;2;0;0;1627981780;0;0;"2021-08-03 10:30:14"
1972215;NULL;NULL;6abca0f8-8939-44f5-ac26-739d4dd69216;47.65442657470703;6.319683074951172;14420;780;1;0;1;2;0;0;1627981738;0;0;"2021-08-03 10:30:15"
1972216;NULL;NULL;6abca0f8-8939-44f5-ac26-739d4dd69216;47.653011322021484;6.309854030609131;13670;744;1;0;1;2;0;0;1627981702;0;0;"2021-08-03 10:30:25"
1972217;NULL;NULL;6abca0f8-8939-44f5-ac26-739d4dd69216;47.66231155395508;6.341184139251709;16230;870;1;0;1;2;0;0;1627981828;1;1;"2021-08-03 10:30:25"
1972218;NULL;NULL;6abca0f8-8939-44f5-ac26-739d4dd69216;47.658836364746094;6.331268310546875;15390;828;1;0;1;2;0;0;1627981786;0;0;"2021-08-03 10:30:25"
1972219;NULL;NULL;6abca0f8-8939-44f5-ac26-739d4dd69216;47.655006408691406;6.321250915527344;14550;786;1;0;1;2;0;0;1627981744;0;0;"2021-08-03 10:30:26"
1972220;NULL;NULL;6abca0f8-8939-44f5-ac26-739d4dd69216;47.66273498535156;6.342576026916504;16340;876;1;0;1;2;0;0;1627981834;0;0;"2021-08-03 10:30:36"
1972221;NULL;NULL;6abca0f8-8939-44f5-ac26-739d4dd69216;47.65937042236328;6.332655906677246;15510;834;1;0;1;2;0;0;1627981792;0;0;"2021-08-03 10:30:36"
1972222;NULL;NULL;6abca0f8-8939-44f5-ac26-739d4dd69216;47.655555725097656;6.322711944580078;14680;792;1;0;1;2;0;0;1627981750;0;0;"2021-08-03 10:30:37"
1972223;NULL;NULL;6abca0f8-8939-44f5-ac26-739d4dd69216;47.66313171386719;6.343889236450195;16450;882;1;0;1;2;0;0;1627981840;0;0;"2021-08-03 10:30:46"
1972224;NULL;NULL;6abca0f8-8939-44f5-ac26-739d4dd69216;47.65989303588867;6.334041118621826;15630;840;1;0;1;2;0;0;1627981798;0;0;"2021-08-03 10:30:47"
1972225;NULL;NULL;6abca0f8-8939-44f5-ac26-739d4dd69216;47.656158447265625;6.324226379394531;14810;798;1;0;1;2;0;0;1627981756;0;0;"2021-08-03 10:30:48"
1972226;NULL;NULL;6abca0f8-8939-44f5-ac26-739d4dd69216;47.663734436035156;6.353492736816406;17160;936;1;0;1;2;0;0;1627981894;1;1;"2021-08-03 10:30:55"
1972227;NULL;NULL;6abca0f8-8939-44f5-ac26-739d4dd69216;47.66352081298828;6.345158100128174;16550;888;1;0;1;2;0;0;1627981846;0;0;"2021-08-03 10:30:57"
1972228;NULL;NULL;6abca0f8-8939-44f5-ac26-739d4dd69216;47.66035079956055;6.335297107696533;15740;846;1;0;1;2;0;0;1627981804;0;0;"2021-08-03 10:30:58"
1972229;NULL;NULL;6abca0f8-8939-44f5-ac26-739d4dd69216;47.65674591064453;6.325769424438477;14940;804;1;0;1;2;0;0;1627981762;0;0;"2021-08-03 10:30:59"
1972230;NULL;NULL;6abca0f8-8939-44f5-ac26-739d4dd69216;47.66309356689453;6.354269027709961;17250;942;1;0;1;2;0;0;1627981900;0;0;"2021-08-03 10:31:07"
1972231;NULL;NULL;6abca0f8-8939-44f5-ac26-739d4dd69216;47.66389846801758;6.346409797668457;16650;894;1;0;1;2;0;0;1627981852;0;0;"2021-08-03 10:31:09"
1972232;NULL;NULL;6abca0f8-8939-44f5-ac26-739d4dd69216;47.66095733642578;6.336874008178711;15880;852;1;0;1;2;0;0;1627981810;0;0;"2021-08-03 10:31:10"
1972233;NULL;NULL;6abca0f8-8939-44f5-ac26-739d4dd69216;47.662574768066406;6.355274677276611;17350;948;1;0;1;2;0;0;1627981906;0;0;"2021-08-03 10:31:18"
1972234;NULL;NULL;6abca0f8-8939-44f5-ac26-739d4dd69216;47.661380767822266;6.338015556335449;15980;858;1;0;1;2;0;0;1627981816;0;0;"2021-08-03 10:31:21"
1972235;NULL;NULL;6abca0f8-8939-44f5-ac26-739d4dd69216;47.66427230834961;6.347625255584717;16750;900;1;0;1;2;0;0;1627981858;0;0;"2021-08-03 10:31:21"
1972236;NULL;NULL;6abca0f8-8939-44f5-ac26-739d4dd69216;47.6573371887207;6.360706329345703;17710;996;1;0;1;2;0;0;1627981954;1;1;"2021-08-03 10:31:26"
1972237;NULL;NULL;6abca0f8-8939-44f5-ac26-739d4dd69216;47.66204071044922;6.3562798500061035;17450;954;1;0;1;2;0;0;1627981912;0;0;"2021-08-03 10:31:30"
1972238;NULL;NULL;6abca0f8-8939-44f5-ac26-739d4dd69216;47.664581298828125;6.34866189956665;16830;906;1;0;1;2;0;0;1627981864;0;0;"2021-08-03 10:31:33"
1972239;NULL;NULL;6abca0f8-8939-44f5-ac26-739d4dd69216;47.66188430786133;6.339704513549805;16120;864;1;0;1;2;0;0;1627981822;0;0;"2021-08-03 10:31:33"
1972240;NULL;NULL;6abca0f8-8939-44f5-ac26-739d4dd69216;47.6576042175293;6.361985683441162;17810;1002;1;0;1;2;0;0;1627981960;0;0;"2021-08-03 10:31:38"
1972241;NULL;NULL;6abca0f8-8939-44f5-ac26-739d4dd69216;47.66130065917969;6.356976509094238;17550;960;1;0;1;2;0;0;1627981918;0;0;"2021-08-03 10:31:42"
1972242;NULL;NULL;6abca0f8-8939-44f5-ac26-739d4dd69216;47.664939880371094;6.349903106689453;16930;912;1;0;1;2;0;0;1627981870;0;0;"2021-08-03 10:31:46"
1972243;NULL;NULL;6abca0f8-8939-44f5-ac26-739d4dd69216;47.658042907714844;6.363196849822998;17910;1008;1;0;1;2;0;0;1627981966;0;0;"2021-08-03 10:31:51"
1972244;NULL;NULL;6abca0f8-8939-44f5-ac26-739d4dd69216;47.660491943359375;6.357411861419678;17650;966;1;0;1;2;0;0;1627981924;0;0;"2021-08-03 10:31:54"
1972245;NULL;NULL;6abca0f8-8939-44f5-ac26-739d4dd69216;47.661895751953125;6.37359619140625;18800;1056;1;0;1;2;0;0;1627982014;1;1;"2021-08-03 10:31:57"
1972246;NULL;NULL;6abca0f8-8939-44f5-ac26-739d4dd69216;47.66516876220703;6.350779056549072;17000;918;1;0;1;2;0;0;1627981876;0;0;"2021-08-03 10:31:58"
1972247;NULL;NULL;6abca0f8-8939-44f5-ac26-739d4dd69216;47.65858459472656;6.364339828491211;18010;1014;1;0;1;2;0;0;1627981972;0;0;"2021-08-03 10:32:04"
1972248;NULL;NULL;6abca0f8-8939-44f5-ac26-739d4dd69216;47.659603118896484;6.357423305511475;17750;972;1;0;1;2;0;0;1627981930;0;0;"2021-08-03 10:32:07"
1972249;NULL;NULL;6abca0f8-8939-44f5-ac26-739d4dd69216;47.66252899169922;6.375062942504883;18930;1062;1;0;1;2;0;0;1627982020;0;0;"2021-08-03 10:32:10"
1972250;NULL;NULL;6abca0f8-8939-44f5-ac26-739d4dd69216;47.66500473022461;6.3518147468566895;17080;924;1;0;1;2;0;0;1627981882;0;0;"2021-08-03 10:32:12"
1972251;NULL;NULL;6abca0f8-8939-44f5-ac26-739d4dd69216;47.6591796875;6.365423202514648;18110;1020;1;0;1;2;0;0;1627981978;0;0;"2021-08-03 10:32:17"
1972252;NULL;NULL;6abca0f8-8939-44f5-ac26-739d4dd69216;47.6587028503418;6.357728004455566;17850;978;1;0;1;2;0;0;1627981936;0;0;"2021-08-03 10:32:20"
1972253;NULL;NULL;6abca0f8-8939-44f5-ac26-739d4dd69216;47.66322326660156;6.376495361328125;19060;1068;1;0;1;2;0;0;1627982026;0;0;"2021-08-03 10:32:23"
1972254;NULL;NULL;6abca0f8-8939-44f5-ac26-739d4dd69216;47.66436767578125;6.352762699127197;17180;930;1;0;1;2;0;0;1627981888;0;0;"2021-08-03 10:32:25"
1972255;NULL;NULL;6abca0f8-8939-44f5-ac26-739d4dd69216;47.669097900390625;6.377642631530762;19070;1116;1;0;1;2;0;0;1627982074;1;1;"2021-08-03 10:32:26"
1972256;NULL;NULL;6abca0f8-8939-44f5-ac26-739d4dd69216;47.659751892089844;6.366665363311768;18220;1026;1;0;1;2;0;0;1627981984;0;0;"2021-08-03 10:32:30"
1972257;NULL;NULL;6abca0f8-8939-44f5-ac26-739d4dd69216;47.65789794921875;6.358319282531738;17950;984;1;0;1;2;0;0;1627981942;0;0;"2021-08-03 10:32:33"
1972258;NULL;NULL;6abca0f8-8939-44f5-ac26-739d4dd69216;47.664058685302734;6.377640724182129;19190;1074;1;0;1;2;0;0;1627982032;0;0;"2021-08-03 10:32:36"
1972259;NULL;NULL;6abca0f8-8939-44f5-ac26-739d4dd69216;47.66960144042969;6.37843656539917;19150;1122;1;0;1;2;0;0;1627982080;0;0;"2021-08-03 10:32:39"
1972260;NULL;NULL;6abca0f8-8939-44f5-ac26-739d4dd69216;47.66023635864258;6.368038177490234;18340;1032;1;0;1;2;0;0;1627981990;0;0;"2021-08-03 10:32:43"
1972261;NULL;NULL;6abca0f8-8939-44f5-ac26-739d4dd69216;47.657413482666016;6.359361171722412;18040;990;1;0;1;2;0;0;1627981948;0;0;"2021-08-03 10:32:47"
1972262;NULL;NULL;6abca0f8-8939-44f5-ac26-739d4dd69216;47.6650276184082;6.378192901611328;19310;1080;1;0;1;2;0;0;1627982038;0;0;"2021-08-03 10:32:50"
1972263;NULL;NULL;6abca0f8-8939-44f5-ac26-739d4dd69216;47.67005920410156;6.379340648651123;19230;1128;1;0;1;2;0;0;1627982086;0;0;"2021-08-03 10:32:53"
1972264;NULL;NULL;6abca0f8-8939-44f5-ac26-739d4dd69216;47.66056823730469;6.369431018829346;18450;1038;1;0;1;2;0;0;1627981996;0;0;"2021-08-03 10:32:56"
1972265;NULL;NULL;6abca0f8-8939-44f5-ac26-739d4dd69216;47.67448425292969;6.3907151222229;20660;1182;1;0;1;2;0;0;1627982140;1;1;"2021-08-03 10:32:58"
1972266;NULL;NULL;6abca0f8-8939-44f5-ac26-739d4dd69216;47.665977478027344;6.378446102142334;19420;1086;1;0;1;2;0;0;1627982044;0;0;"2021-08-03 10:33:03"
1972267;NULL;NULL;6abca0f8-8939-44f5-ac26-739d4dd69216;47.67050552368164;6.380250453948975;19310;1134;1;0;1;2;0;0;1627982092;0;0;"2021-08-03 10:33:07"
1972268;NULL;NULL;6abca0f8-8939-44f5-ac26-739d4dd69216;47.66094207763672;6.3708062171936035;18560;1044;1;0;1;2;0;0;1627982002;0;0;"2021-08-03 10:33:10"
1972269;NULL;NULL;6abca0f8-8939-44f5-ac26-739d4dd69216;47.67476272583008;6.392323970794678;20780;1188;1;0;1;2;0;0;1627982146;0;0;"2021-08-03 10:33:12"
1972270;NULL;NULL;6abca0f8-8939-44f5-ac26-739d4dd69216;47.66677474975586;6.378190994262695;19510;1092;1;0;1;2;0;0;1627982050;0;0;"2021-08-03 10:33:17"
1972271;NULL;NULL;6abca0f8-8939-44f5-ac26-739d4dd69216;47.67097473144531;6.3811821937561035;19400;1140;1;0;1;2;0;0;1627982098;0;0;"2021-08-03 10:33:21"
1972272;NULL;NULL;6abca0f8-8939-44f5-ac26-739d4dd69216;47.66136932373047;6.37216854095459;18670;1050;1;0;1;2;0;0;1627982008;0;0;"2021-08-03 10:33:24"
1972273;NULL;NULL;6abca0f8-8939-44f5-ac26-739d4dd69216;47.675045013427734;6.393982410430908;20910;1194;1;0;1;2;0;0;1627982152;0;0;"2021-08-03 10:33:26"
1972274;NULL;NULL;6abca0f8-8939-44f5-ac26-739d4dd69216;47.677154541015625;6.405649185180664;21810;1242;1;0;1;2;0;0;1627982200;1;1;"2021-08-03 10:33:28"
1972275;NULL;NULL;6abca0f8-8939-44f5-ac26-739d4dd69216;47.6673583984375;6.377506732940674;19590;1098;1;0;1;2;0;0;1627982056;0;0;"2021-08-03 10:33:31"
1972276;NULL;NULL;6abca0f8-8939-44f5-ac26-739d4dd69216;47.67148971557617;6.3822431564331055;19500;1146;1;0;1;2;0;0;1627982104;0;0;"2021-08-03 10:33:33"
1972277;NULL;NULL;6abca0f8-8939-44f5-ac26-739d4dd69216;47.67531967163086;6.395646572113037;21040;1200;1;0;1;2;0;0;1627982158;0;0;"2021-08-03 10:33:40"
1972278;NULL;NULL;6abca0f8-8939-44f5-ac26-739d4dd69216;47.67739486694336;6.407042503356934;21920;1248;1;0;1;2;0;0;1627982206;0;0;"2021-08-03 10:33:42"
1972279;NULL;NULL;6abca0f8-8939-44f5-ac26-739d4dd69216;47.66789245605469;6.376916408538818;19660;1104;1;0;1;2;0;0;1627982062;0;0;"2021-08-03 10:33:43"
1972280;NULL;NULL;6abca0f8-8939-44f5-ac26-739d4dd69216;47.67206954956055;6.383459091186523;19610;1152;1;0;1;2;0;0;1627982110;0;0;"2021-08-03 10:33:47"
1972281;NULL;NULL;6abca0f8-8939-44f5-ac26-739d4dd69216;47.67557907104492;6.397257328033447;21160;1206;1;0;1;2;0;0;1627982164;0;0;"2021-08-03 10:33:53"
1972282;NULL;NULL;6abca0f8-8939-44f5-ac26-739d4dd69216;47.6776237487793;6.408319473266602;22020;1254;1;0;1;2;0;0;1627982212;0;0;"2021-08-03 10:33:55"
1972283;NULL;NULL;6abca0f8-8939-44f5-ac26-739d4dd69216;47.66854476928711;6.376980304718018;19730;1110;1;0;1;2;0;0;1627982068;0;0;"2021-08-03 10:33:57"
1972284;NULL;NULL;6abca0f8-8939-44f5-ac26-739d4dd69216;47.679222106933594;6.4160637855529785;22850;1302;1;0;1;2;0;0;1627982260;1;1;"2021-08-03 10:33:58"
1972285;NULL;NULL;6abca0f8-8939-44f5-ac26-739d4dd69216;47.672481536865234;6.384299278259277;19690;1158;1;0;1;2;0;0;1627982116;0;0;"2021-08-03 10:34:02"
1972286;NULL;NULL;6abca0f8-8939-44f5-ac26-739d4dd69216;47.67588806152344;6.398924827575684;21290;1212;1;0;1;2;0;0;1627982170;0;0;"2021-08-03 10:34:07"
1972287;NULL;NULL;6abca0f8-8939-44f5-ac26-739d4dd69216;47.67778778076172;6.409152507781982;22080;1260;1;0;1;2;0;0;1627982218;0;0;"2021-08-03 10:34:10"
1972288;NULL;NULL;6abca0f8-8939-44f5-ac26-739d4dd69216;47.679466247558594;6.417160511016846;22940;1308;1;0;1;2;0;0;1627982266;0;0;"2021-08-03 10:34:12"
1972289;NULL;NULL;6abca0f8-8939-44f5-ac26-739d4dd69216;47.673274993896484;6.386083126068115;19850;1164;1;0;1;2;0;0;1627982122;0;0;"2021-08-03 10:34:15"
1972290;NULL;NULL;6abca0f8-8939-44f5-ac26-739d4dd69216;47.676185607910156;6.400601863861084;21420;1218;1;0;1;2;0;0;1627982176;0;0;"2021-08-03 10:34:21"
1972291;NULL;NULL;6abca0f8-8939-44f5-ac26-739d4dd69216;47.67803192138672;6.410362720489502;22170;1266;1;0;1;2;0;0;1627982224;0;0;"2021-08-03 10:34:23"
1972292;NULL;NULL;6abca0f8-8939-44f5-ac26-739d4dd69216;47.67967987060547;6.418143272399902;23020;1314;1;0;1;2;0;0;1627982272;0;0;"2021-08-03 10:34:26"
1972293;NULL;NULL;6abca0f8-8939-44f5-ac26-739d4dd69216;47.68233108520508;6.431060314178467;24030;1368;1;0;1;2;0;0;1627982326;1;1;"2021-08-03 10:34:27"
1972294;NULL;NULL;6abca0f8-8939-44f5-ac26-739d4dd69216;47.67382049560547;6.3875298500061035;19970;1170;1;0;1;2;0;0;1627982128;0;0;"2021-08-03 10:34:29"
1972295;NULL;NULL;6abca0f8-8939-44f5-ac26-739d4dd69216;47.676429748535156;6.402187347412109;21540;1224;1;0;1;2;0;0;1627982182;0;0;"2021-08-03 10:34:34"
1972296;NULL;NULL;6abca0f8-8939-44f5-ac26-739d4dd69216;47.678199768066406;6.411187171936035;22230;1272;1;0;1;2;0;0;1627982230;0;0;"2021-08-03 10:34:37"
1972297;NULL;NULL;6abca0f8-8939-44f5-ac26-739d4dd69216;47.68273162841797;6.432376384735107;24140;1374;1;0;1;2;0;0;1627982332;0;0;"2021-08-03 10:34:37"
1972298;NULL;NULL;6abca0f8-8939-44f5-ac26-739d4dd69216;47.67995071411133;6.419366836547852;23120;1320;1;0;1;2;0;0;1627982278;0;0;"2021-08-03 10:34:39"
1972299;NULL;NULL;6abca0f8-8939-44f5-ac26-739d4dd69216;47.67420959472656;6.3891119956970215;20100;1176;1;0;1;2;0;0;1627982134;0;0;"2021-08-03 10:34:43"
1972300;NULL;NULL;6abca0f8-8939-44f5-ac26-739d4dd69216;47.676727294921875;6.4035820960998535;21650;1230;1;0;1;2;0;0;1627982188;0;0;"2021-08-03 10:34:48"
1972301;NULL;NULL;6abca0f8-8939-44f5-ac26-739d4dd69216;47.67841339111328;6.412174701690674;22310;1278;1;0;1;2;0;0;1627982236;0;0;"2021-08-03 10:34:52"
1972302;NULL;NULL;6abca0f8-8939-44f5-ac26-739d4dd69216;47.683040618896484;6.433348178863525;24220;1380;1;0;1;2;0;0;1627982338;0;0;"2021-08-03 10:34:52"
1972303;NULL;NULL;6abca0f8-8939-44f5-ac26-739d4dd69216;47.68020248413086;6.42056131362915;23210;1326;1;0;1;2;0;0;1627982284;0;0;"2021-08-03 10:34:54"
1972304;NULL;NULL;6abca0f8-8939-44f5-ac26-739d4dd69216;47.68667221069336;6.437850475311279;24000;1428;1;0;1;2;0;0;1627982386;1;1;"2021-08-03 10:34:58"
1972305;NULL;NULL;6abca0f8-8939-44f5-ac26-739d4dd69216;47.677001953125;6.404858112335205;21750;1236;1;0;1;2;0;0;1627982194;0;0;"2021-08-03 10:35:04"
1972306;NULL;NULL;6abca0f8-8939-44f5-ac26-739d4dd69216;47.67864227294922;6.413259029388428;22400;1284;1;0;1;2;0;0;1627982242;0;0;"2021-08-03 10:35:07"
1972307;NULL;NULL;6abca0f8-8939-44f5-ac26-739d4dd69216;47.68308639526367;6.433901786804199;24260;1386;1;0;1;2;0;0;1627982344;0;0;"2021-08-03 10:35:07"
1972308;NULL;NULL;6abca0f8-8939-44f5-ac26-739d4dd69216;47.68052291870117;6.422050476074219;23330;1332;1;0;1;2;0;0;1627982290;0;0;"2021-08-03 10:35:09"
1972309;NULL;NULL;6abca0f8-8939-44f5-ac26-739d4dd69216;47.68740463256836;6.438937664031982;24120;1434;1;0;1;2;0;0;1627982392;0;0;"2021-08-03 10:35:14"
1972310;NULL;NULL;6abca0f8-8939-44f5-ac26-739d4dd69216;47.67881774902344;6.414139270782471;22470;1290;1;0;1;2;0;0;1627982248;0;0;"2021-08-03 10:35:21"
1972311;NULL;NULL;6abca0f8-8939-44f5-ac26-739d4dd69216;47.68318557739258;6.434305191040039;24290;1392;1;0;1;2;0;0;1627982350;0;0;"2021-08-03 10:35:21"
1972312;NULL;NULL;6abca0f8-8939-44f5-ac26-739d4dd69216;47.68082809448242;6.423572063446045;23450;1338;1;0;1;2;0;0;1627982296;0;0;"2021-08-03 10:35:23"
1972313;NULL;NULL;6abca0f8-8939-44f5-ac26-739d4dd69216;47.68812561035156;6.440166473388672;24240;1440;1;0;1;2;0;0;1627982398;0;0;"2021-08-03 10:35:27"
1972314;NULL;NULL;6abca0f8-8939-44f5-ac26-739d4dd69216;47.69255065917969;6.454130172729492;26080;1494;1;0;1;2;0;0;1627982452;1;1;"2021-08-03 10:35:28"
1972315;NULL;NULL;6abca0f8-8939-44f5-ac26-739d4dd69216;47.67900085449219;6.415051460266113;22540;1296;1;0;1;2;0;0;1627982254;0;0;"2021-08-03 10:35:36"
1972316;NULL;NULL;6abca0f8-8939-44f5-ac26-739d4dd69216;47.68357849121094;6.43434476852417;24330;1398;1;0;1;2;0;0;1627982356;0;0;"2021-08-03 10:35:36"
1972317;NULL;NULL;6abca0f8-8939-44f5-ac26-739d4dd69216;47.68111801147461;6.424972057342529;23560;1344;1;0;1;2;0;0;1627982302;0;0;"2021-08-03 10:35:37"
1972318;NULL;NULL;6abca0f8-8939-44f5-ac26-739d4dd69216;47.68880081176758;6.44152307510376;24370;1446;1;0;1;2;0;0;1627982404;0;0;"2021-08-03 10:35:42"
1972319;NULL;NULL;6abca0f8-8939-44f5-ac26-739d4dd69216;47.692962646484375;6.455780982971191;26210;1500;1;0;1;2;0;0;1627982458;0;0;"2021-08-03 10:35:43"
1972320;NULL;NULL;6abca0f8-8939-44f5-ac26-739d4dd69216;47.684017181396484;6.43475866317749;24390;1404;1;0;1;2;0;0;1627982362;0;0;"2021-08-03 10:35:50"
1972321;NULL;NULL;6abca0f8-8939-44f5-ac26-739d4dd69216;47.68148422241211;6.4268293380737305;23700;1350;1;0;1;2;0;0;1627982308;0;0;"2021-08-03 10:35:50"
1972322;NULL;NULL;6abca0f8-8939-44f5-ac26-739d4dd69216;47.68943405151367;6.4429192543029785;24500;1452;1;0;1;2;0;0;1627982410;0;0;"2021-08-03 10:35:55"
1972323;NULL;NULL;6abca0f8-8939-44f5-ac26-739d4dd69216;47.69337463378906;6.457431793212891;26340;1506;1;0;1;2;0;0;1627982464;0;0;"2021-08-03 10:35:56"
1972324;NULL;NULL;6abca0f8-8939-44f5-ac26-739d4dd69216;47.69655227661133;6.470460414886475;27380;1554;1;0;1;2;0;0;1627982512;1;1;"2021-08-03 10:35:58"
1972325;NULL;NULL;6abca0f8-8939-44f5-ac26-739d4dd69216;47.68174362182617;6.428097724914551;23800;1356;1;0;1;2;0;0;1627982314;0;0;"2021-08-03 10:36:04"
1972326;NULL;NULL;6abca0f8-8939-44f5-ac26-739d4dd69216;47.68463134765625;6.43538761138916;24470;1410;1;0;1;2;0;0;1627982368;0;0;"2021-08-03 10:36:04"
1972327;NULL;NULL;6abca0f8-8939-44f5-ac26-739d4dd69216;47.68998718261719;6.444405555725098;24630;1458;1;0;1;2;0;0;1627982416;0;0;"2021-08-03 10:36:09"
1972328;NULL;NULL;6abca0f8-8939-44f5-ac26-739d4dd69216;47.69375991821289;6.459007263183594;26470;1512;1;0;1;2;0;0;1627982470;0;0;"2021-08-03 10:36:10"
1972329;NULL;NULL;6abca0f8-8939-44f5-ac26-739d4dd69216;47.69681167602539;6.472140312194824;27510;1560;1;0;1;2;0;0;1627982518;0;0;"2021-08-03 10:36:11"
1972330;NULL;NULL;6abca0f8-8939-44f5-ac26-739d4dd69216;47.68208312988281;6.429840087890625;23940;1362;1;0;1;2;0;0;1627982320;0;0;"2021-08-03 10:36:18"
1972331;NULL;NULL;6abca0f8-8939-44f5-ac26-739d4dd69216;47.68526077270508;6.436070442199707;24560;1416;1;0;1;2;0;0;1627982374;0;0;"2021-08-03 10:36:18"
1972332;NULL;NULL;6abca0f8-8939-44f5-ac26-739d4dd69216;47.690467834472656;6.445981025695801;24760;1464;1;0;1;2;0;0;1627982422;0;0;"2021-08-03 10:36:21"
1972333;NULL;NULL;6abca0f8-8939-44f5-ac26-739d4dd69216;47.69415283203125;6.460599899291992;26600;1518;1;0;1;2;0;0;1627982476;0;0;"2021-08-03 10:36:24"
1972334;NULL;NULL;6abca0f8-8939-44f5-ac26-739d4dd69216;47.697021484375;6.473836421966553;27640;1566;1;0;1;2;0;0;1627982524;0;0;"2021-08-03 10:36:26"
1972335;NULL;NULL;6abca0f8-8939-44f5-ac26-739d4dd69216;47.697998046875;6.489439964294434;28810;1620;1;0;1;2;0;0;1627982578;1;1;"2021-08-03 10:36:29"
1972336;NULL;NULL;6abca0f8-8939-44f5-ac26-739d4dd69216;47.68594741821289;6.436892986297607;24660;1422;1;0;1;2;0;0;1627982380;0;0;"2021-08-03 10:36:32"
1972337;NULL;NULL;6abca0f8-8939-44f5-ac26-739d4dd69216;47.690895080566406;6.447603225708008;24890;1470;1;0;1;2;0;0;1627982428;0;0;"2021-08-03 10:36:35"
1972338;NULL;NULL;6abca0f8-8939-44f5-ac26-739d4dd69216;47.694557189941406;6.4622273445129395;26730;1524;1;0;1;2;0;0;1627982482;0;0;"2021-08-03 10:36:38"
1972339;NULL;NULL;6abca0f8-8939-44f5-ac26-739d4dd69216;47.697139739990234;6.475558280944824;27770;1572;1;0;1;2;0;0;1627982530;0;0;"2021-08-03 10:36:40"
1972340;NULL;NULL;6abca0f8-8939-44f5-ac26-739d4dd69216;47.69812774658203;6.490875720977783;28920;1626;1;0;1;2;0;0;1627982584;0;0;"2021-08-03 10:36:42"
1972341;NULL;NULL;6abca0f8-8939-44f5-ac26-739d4dd69216;47.691314697265625;6.449234485626221;25020;1476;1;0;1;2;0;0;1627982434;0;0;"2021-08-03 10:36:48"
1972342;NULL;NULL;6abca0f8-8939-44f5-ac26-739d4dd69216;47.694976806640625;6.463873863220215;26860;1530;1;0;1;2;0;0;1627982488;0;0;"2021-08-03 10:36:51"
1972343;NULL;NULL;6abca0f8-8939-44f5-ac26-739d4dd69216;47.697208404541016;6.477296829223633;27900;1578;1;0;1;2;0;0;1627982536;0;0;"2021-08-03 10:36:52"
1972344;NULL;NULL;6abca0f8-8939-44f5-ac26-739d4dd69216;47.69829177856445;6.492591857910156;29050;1632;1;0;1;2;0;0;1627982590;0;0;"2021-08-03 10:36:56"
1972345;NULL;NULL;6abca0f8-8939-44f5-ac26-739d4dd69216;47.696510314941406;6.5059967041015625;30060;1680;1;0;1;2;0;0;1627982638;1;1;"2021-08-03 10:36:58"
1972346;NULL;NULL;6abca0f8-8939-44f5-ac26-739d4dd69216;47.69173049926758;6.450852394104004;25150;1482;1;0;1;2;0;0;1627982440;0;0;"2021-08-03 10:37:02"
1972347;NULL;NULL;6abca0f8-8939-44f5-ac26-739d4dd69216;47.695377349853516;6.465529441833496;26990;1536;1;0;1;2;0;0;1627982494;0;0;"2021-08-03 10:37:03"
1972348;NULL;NULL;6abca0f8-8939-44f5-ac26-739d4dd69216;47.697288513183594;6.479018211364746;28030;1584;1;0;1;2;0;0;1627982542;0;0;"2021-08-03 10:37:06"
1972349;NULL;NULL;6abca0f8-8939-44f5-ac26-739d4dd69216;47.69844436645508;6.49429988861084;29180;1638;1;0;1;2;0;0;1627982596;0;0;"2021-08-03 10:37:09"
1972350;NULL;NULL;6abca0f8-8939-44f5-ac26-739d4dd69216;47.6958122253418;6.507389068603516;30190;1686;1;0;1;2;0;0;1627982644;0;0;"2021-08-03 10:37:12"
1972351;NULL;NULL;6abca0f8-8939-44f5-ac26-739d4dd69216;47.692134857177734;6.452486038208008;25280;1488;1;0;1;2;0;0;1627982446;0;0;"2021-08-03 10:37:15"
1972352;NULL;NULL;6abca0f8-8939-44f5-ac26-739d4dd69216;47.69572067260742;6.466889381408691;27100;1542;1;0;1;2;0;0;1627982500;0;0;"2021-08-03 10:37:16"
1972353;NULL;NULL;6abca0f8-8939-44f5-ac26-739d4dd69216;47.697364807128906;6.480776786804199;28160;1590;1;0;1;2;0;0;1627982548;0;0;"2021-08-03 10:37:20"
1972354;NULL;NULL;6abca0f8-8939-44f5-ac26-739d4dd69216;47.69851303100586;6.496048450469971;29310;1644;1;0;1;2;0;0;1627982602;0;0;"2021-08-03 10:37:24"
1972355;NULL;NULL;6abca0f8-8939-44f5-ac26-739d4dd69216;47.69502258300781;6.508678913116455;30320;1692;1;0;1;2;0;0;1627982650;0;0;"2021-08-03 10:37:26"
1972356;NULL;NULL;6abca0f8-8939-44f5-ac26-739d4dd69216;47.68754196166992;6.514564037322998;31250;1740;1;0;1;2;0;0;1627982698;1;1;"2021-08-03 10:37:28"
1972357;NULL;NULL;6abca0f8-8939-44f5-ac26-739d4dd69216;47.69620132446289;6.4687886238098145;27250;1548;1;0;1;2;0;0;1627982506;0;0;"2021-08-03 10:37:30"
1972358;NULL;NULL;6abca0f8-8939-44f5-ac26-739d4dd69216;47.697425842285156;6.482530117034912;28290;1596;1;0;1;2;0;0;1627982554;0;0;"2021-08-03 10:37:34"
1972359;NULL;NULL;6abca0f8-8939-44f5-ac26-739d4dd69216;47.69841766357422;6.498129367828369;29470;1650;1;0;1;2;0;0;1627982608;0;0;"2021-08-03 10:37:37"
1972360;NULL;NULL;6abca0f8-8939-44f5-ac26-739d4dd69216;47.694156646728516;6.509836196899414;30450;1698;1;0;1;2;0;0;1627982656;0;0;"2021-08-03 10:37:39"
1972361;NULL;NULL;6abca0f8-8939-44f5-ac26-739d4dd69216;47.68648910522461;6.514952659606934;31370;1746;1;0;1;2;0;0;1627982704;0;0;"2021-08-03 10:37:41"
1972362;NULL;NULL;6abca0f8-8939-44f5-ac26-739d4dd69216;47.69752883911133;6.484264373779297;28420;1602;1;0;1;2;0;0;1627982560;0;0;"2021-08-03 10:37:47"
1972363;NULL;NULL;6abca0f8-8939-44f5-ac26-739d4dd69216;47.69826889038086;6.4995832443237305;29580;1656;1;0;1;2;0;0;1627982614;0;0;"2021-08-03 10:37:50"
1972364;NULL;NULL;6abca0f8-8939-44f5-ac26-739d4dd69216;47.69325256347656;6.510864734649658;30580;1704;1;0;1;2;0;0;1627982662;0;0;"2021-08-03 10:37:52"
1972365;NULL;NULL;6abca0f8-8939-44f5-ac26-739d4dd69216;47.68517303466797;6.515412330627441;31520;1752;1;0;1;2;0;0;1627982710;0;0;"2021-08-03 10:37:54"
1972366;NULL;NULL;6abca0f8-8939-44f5-ac26-739d4dd69216;47.67595672607422;6.518845081329346;32580;1800;1;0;1;2;0;0;1627982758;1;1;"2021-08-03 10:37:57"
1972367;NULL;NULL;6abca0f8-8939-44f5-ac26-739d4dd69216;47.69768142700195;6.485988616943359;28550;1608;1;0;1;2;0;0;1627982566;0;0;"2021-08-03 10:37:59"
1972368;NULL;NULL;6abca0f8-8939-44f5-ac26-739d4dd69216;47.69796371459961;6.501279830932617;29710;1662;1;0;1;2;0;0;1627982620;0;0;"2021-08-03 10:38:02"
1972369;NULL;NULL;6abca0f8-8939-44f5-ac26-739d4dd69216;47.692325592041016;6.511717319488525;30700;1710;1;0;1;2;0;0;1627982668;0;0;"2021-08-03 10:38:04"
1972370;NULL;NULL;6abca0f8-8939-44f5-ac26-739d4dd69216;47.68416976928711;6.515748023986816;31630;1758;1;0;1;2;0;0;1627982716;0;0;"2021-08-03 10:38:06"
1972371;NULL;NULL;6abca0f8-8939-44f5-ac26-739d4dd69216;47.67495346069336;6.519621849060059;32710;1806;1;0;1;2;0;0;1627982764;0;0;"2021-08-03 10:38:09"
1972372;NULL;NULL;6abca0f8-8939-44f5-ac26-739d4dd69216;47.697837829589844;6.487706184387207;28680;1614;1;0;1;2;0;0;1627982572;0;0;"2021-08-03 10:38:11"
1972373;NULL;NULL;6abca0f8-8939-44f5-ac26-739d4dd69216;47.697574615478516;6.502940654754639;29840;1668;1;0;1;2;0;0;1627982626;0;0;"2021-08-03 10:38:13"
1972374;NULL;NULL;6abca0f8-8939-44f5-ac26-739d4dd69216;47.6913948059082;6.5124287605285645;30820;1716;1;0;1;2;0;0;1627982674;0;0;"2021-08-03 10:38:15"
1972375;NULL;NULL;6abca0f8-8939-44f5-ac26-739d4dd69216;47.68272399902344;6.516221523284912;31790;1764;1;0;1;2;0;0;1627982722;0;0;"2021-08-03 10:38:18"
1972376;NULL;NULL;6abca0f8-8939-44f5-ac26-739d4dd69216;47.67396545410156;6.520483016967773;32840;1812;1;0;1;2;0;0;1627982770;0;0;"2021-08-03 10:38:21"
1972377;NULL;NULL;6abca0f8-8939-44f5-ac26-739d4dd69216;47.69710159301758;6.504505634307861;29970;1674;1;0;1;2;0;0;1627982632;0;0;"2021-08-03 10:38:25"
1972378;NULL;NULL;6abca0f8-8939-44f5-ac26-739d4dd69216;47.66541290283203;6.528563022613525;33900;1866;1;0;1;2;0;0;1627982824;1;1;"2021-08-03 10:38:26"
1972379;NULL;NULL;6abca0f8-8939-44f5-ac26-739d4dd69216;47.690460205078125;6.51305627822876;30930;1722;1;0;1;2;0;0;1627982680;0;0;"2021-08-03 10:38:27"
1972380;NULL;NULL;6abca0f8-8939-44f5-ac26-739d4dd69216;47.681453704833984;6.51658296585083;31930;1770;1;0;1;2;0;0;1627982728;0;0;"2021-08-03 10:38:30"
1972381;NULL;NULL;6abca0f8-8939-44f5-ac26-739d4dd69216;47.672950744628906;6.521310329437256;32970;1818;1;0;1;2;0;0;1627982776;0;0;"2021-08-03 10:38:32"
1972382;NULL;NULL;6abca0f8-8939-44f5-ac26-739d4dd69216;47.66481399536133;6.53004264831543;34030;1872;1;0;1;2;0;0;1627982830;0;0;"2021-08-03 10:38:37"
1972383;NULL;NULL;6abca0f8-8939-44f5-ac26-739d4dd69216;47.689361572265625;6.513693332672119;31060;1728;1;0;1;2;0;0;1627982686;0;0;"2021-08-03 10:38:38"
1972384;NULL;NULL;6abca0f8-8939-44f5-ac26-739d4dd69216;47.68025207519531;6.516903877258301;32070;1776;1;0;1;2;0;0;1627982734;0;0;"2021-08-03 10:38:41"
1972385;NULL;NULL;6abca0f8-8939-44f5-ac26-739d4dd69216;47.67190933227539;6.52203369140625;33100;1824;1;0;1;2;0;0;1627982782;0;0;"2021-08-03 10:38:43"
1972386;NULL;NULL;6abca0f8-8939-44f5-ac26-739d4dd69216;47.66436004638672;6.5316033363342285;34160;1878;1;0;1;2;0;0;1627982836;0;0;"2021-08-03 10:38:48"
1972387;NULL;NULL;6abca0f8-8939-44f5-ac26-739d4dd69216;47.68854904174805;6.514100074768066;31160;1734;1;0;1;2;0;0;1627982692;0;0;"2021-08-03 10:38:49"
1972388;NULL;NULL;6abca0f8-8939-44f5-ac26-739d4dd69216;47.67910385131836;6.5173211097717285;32200;1782;1;0;1;2;0;0;1627982740;0;0;"2021-08-03 10:38:52"
1972389;NULL;NULL;6abca0f8-8939-44f5-ac26-739d4dd69216;47.67088317871094;6.522738933563232;33230;1830;1;0;1;2;0;0;1627982788;0;0;"2021-08-03 10:38:54"
1972390;NULL;NULL;6abca0f8-8939-44f5-ac26-739d4dd69216;47.662620544433594;6.544588565826416;35080;1926;1;0;1;2;0;0;1627982884;1;1;"2021-08-03 10:38:55"
1972391;NULL;NULL;6abca0f8-8939-44f5-ac26-739d4dd69216;47.664024353027344;6.5332350730896;34290;1884;1;0;1;2;0;0;1627982842;0;0;"2021-08-03 10:38:59"
1972392;NULL;NULL;6abca0f8-8939-44f5-ac26-739d4dd69216;47.678009033203125;6.517784595489502;32330;1788;1;0;1;2;0;0;1627982746;0;0;"2021-08-03 10:39:03"
1972393;NULL;NULL;6abca0f8-8939-44f5-ac26-739d4dd69216;47.66986846923828;6.523428916931152;33350;1836;1;0;1;2;0;0;1627982794;0;0;"2021-08-03 10:39:04"
1972394;NULL;NULL;6abca0f8-8939-44f5-ac26-739d4dd69216;47.66282272338867;6.546247482299805;35210;1932;1;0;1;2;0;0;1627982890;0;0;"2021-08-03 10:39:06"
1972395;NULL;NULL;6abca0f8-8939-44f5-ac26-739d4dd69216;47.66376495361328;6.534903526306152;34420;1890;1;0;1;2;0;0;1627982848;0;0;"2021-08-03 10:39:09"
1972396;NULL;NULL;6abca0f8-8939-44f5-ac26-739d4dd69216;47.67730712890625;6.518085956573486;32410;1794;1;0;1;2;0;0;1627982752;0;0;"2021-08-03 10:39:12"
1972397;NULL;NULL;6abca0f8-8939-44f5-ac26-739d4dd69216;47.6688346862793;6.5241498947143555;33480;1842;1;0;1;2;0;0;1627982800;0;0;"2021-08-03 10:39:13"
1972398;NULL;NULL;6abca0f8-8939-44f5-ac26-739d4dd69216;47.6632080078125;6.547854900360107;35340;1938;1;0;1;2;0;0;1627982896;0;0;"2021-08-03 10:39:14"
1972399;NULL;NULL;6abca0f8-8939-44f5-ac26-739d4dd69216;47.663509368896484;6.536566257476807;34550;1896;1;0;1;2;0;0;1627982854;0;0;"2021-08-03 10:39:18"
1972400;NULL;NULL;6abca0f8-8939-44f5-ac26-739d4dd69216;47.66783905029297;6.525018215179443;33610;1848;1;0;1;2;0;0;1627982806;0;0;"2021-08-03 10:39:22"
1972401;NULL;NULL;6abca0f8-8939-44f5-ac26-739d4dd69216;47.66371536254883;6.549688816070557;35490;1944;1;0;1;2;0;0;1627982902;0;0;"2021-08-03 10:39:23"
1972402;NULL;NULL;6abca0f8-8939-44f5-ac26-739d4dd69216;47.66564178466797;6.561001777648926;36260;1986;1;0;1;2;0;0;1627982944;1;1;"2021-08-03 10:39:23"
1972403;NULL;NULL;6abca0f8-8939-44f5-ac26-739d4dd69216;47.66327667236328;6.538234233856201;34680;1902;1;0;1;2;0;0;1627982860;0;0;"2021-08-03 10:39:26"
1972404;NULL;NULL;6abca0f8-8939-44f5-ac26-739d4dd69216;47.66692352294922;6.52603006362915;33740;1854;1;0;1;2;0;0;1627982812;0;0;"2021-08-03 10:39:30"
1972405;NULL;NULL;6abca0f8-8939-44f5-ac26-739d4dd69216;47.66413116455078;6.551274299621582;35620;1950;1;0;1;2;0;0;1627982908;0;0;"2021-08-03 10:39:31"
1972406;NULL;NULL;6abca0f8-8939-44f5-ac26-739d4dd69216;47.6652946472168;6.562614917755127;36390;1992;1;0;1;2;0;0;1627982950;0;0;"2021-08-03 10:39:31"
1972407;NULL;NULL;6abca0f8-8939-44f5-ac26-739d4dd69216;47.663028717041016;6.53990364074707;34810;1908;1;0;1;2;0;0;1627982866;0;0;"2021-08-03 10:39:34"
1972408;NULL;NULL;6abca0f8-8939-44f5-ac26-739d4dd69216;47.666107177734375;6.5272135734558105;33870;1860;1;0;1;2;0;0;1627982818;0;0;"2021-08-03 10:39:38"
1972409;NULL;NULL;6abca0f8-8939-44f5-ac26-739d4dd69216;47.66475296020508;6.564117431640625;36520;1998;1;0;1;2;0;0;1627982956;0;0;"2021-08-03 10:39:39"
1972410;NULL;NULL;6abca0f8-8939-44f5-ac26-739d4dd69216;47.664554595947266;6.552854537963867;35750;1956;1;0;1;2;0;0;1627982914;0;0;"2021-08-03 10:39:39"
1972411;NULL;NULL;6abca0f8-8939-44f5-ac26-739d4dd69216;47.66279220581055;6.541545867919922;34940;1914;1;0;1;2;0;0;1627982872;0;0;"2021-08-03 10:39:43"
1972412;NULL;NULL;6abca0f8-8939-44f5-ac26-739d4dd69216;47.66400909423828;6.565415859222412;36650;2004;1;0;1;2;0;0;1627982962;0;0;"2021-08-03 10:39:47"
1972413;NULL;NULL;6abca0f8-8939-44f5-ac26-739d4dd69216;47.66496658325195;6.5544233322143555;35880;1962;1;0;1;2;0;0;1627982920;0;0;"2021-08-03 10:39:47"
1972414;NULL;NULL;6abca0f8-8939-44f5-ac26-739d4dd69216;47.66263961791992;6.542918682098389;35040;1920;1;0;1;2;0;0;1627982878;0;0;"2021-08-03 10:39:51"
1972415;NULL;NULL;6abca0f8-8939-44f5-ac26-739d4dd69216;47.65684509277344;6.573574542999268;37430;2052;1;0;1;2;0;0;1627983010;1;1;"2021-08-03 10:39:52"
1972416;NULL;NULL;6abca0f8-8939-44f5-ac26-739d4dd69216;47.66312789916992;6.566492557525635;36780;2010;1;0;1;2;0;0;1627982968;0;0;"2021-08-03 10:39:54"
1972417;NULL;NULL;6abca0f8-8939-44f5-ac26-739d4dd69216;47.66538619995117;6.55599308013916;36010;1968;1;0;1;2;0;0;1627982926;0;0;"2021-08-03 10:39:55"
1972418;NULL;NULL;6abca0f8-8939-44f5-ac26-739d4dd69216;47.656070709228516;6.574847221374512;37560;2058;1;0;1;2;0;0;1627983016;0;0;"2021-08-03 10:40:00"
1972419;NULL;NULL;6abca0f8-8939-44f5-ac26-739d4dd69216;47.66218566894531;6.56745719909668;36910;2016;1;0;1;2;0;0;1627982974;0;0;"2021-08-03 10:40:03"
1972420;NULL;NULL;6abca0f8-8939-44f5-ac26-739d4dd69216;47.665687561035156;6.557623863220215;36140;1974;1;0;1;2;0;0;1627982932;0;0;"2021-08-03 10:40:03"
1972421;NULL;NULL;6abca0f8-8939-44f5-ac26-739d4dd69216;47.655364990234375;6.576187610626221;37690;2064;1;0;1;2;0;0;1627983022;0;0;"2021-08-03 10:40:09"
1972422;NULL;NULL;6abca0f8-8939-44f5-ac26-739d4dd69216;47.66123962402344;6.568403244018555;37040;2022;1;0;1;2;0;0;1627982980;0;0;"2021-08-03 10:40:10"
1972423;NULL;NULL;6abca0f8-8939-44f5-ac26-739d4dd69216;47.66578674316406;6.559290409088135;36270;1980;1;0;1;2;0;0;1627982938;0;0;"2021-08-03 10:40:11"
1972424;NULL;NULL;6abca0f8-8939-44f5-ac26-739d4dd69216;47.65471649169922;6.577601909637451;37820;2070;1;0;1;2;0;0;1627983028;0;0;"2021-08-03 10:40:16"
1972425;NULL;NULL;6abca0f8-8939-44f5-ac26-739d4dd69216;47.66032028198242;6.569342136383057;37160;2028;1;0;1;2;0;0;1627982986;0;0;"2021-08-03 10:40:18"
1972426;NULL;NULL;6abca0f8-8939-44f5-ac26-739d4dd69216;47.64862060546875;6.589426040649414;39230;2124;1;0;1;2;0;0;1627983082;1;1;"2021-08-03 10:40:22"
1972427;NULL;NULL;6abca0f8-8939-44f5-ac26-739d4dd69216;47.654083251953125;6.579037189483643;37950;2076;1;0;1;2;0;0;1627983034;0;0;"2021-08-03 10:40:24"
1972428;NULL;NULL;6abca0f8-8939-44f5-ac26-739d4dd69216;47.6594123840332;6.570273399353027;37280;2034;1;0;1;2;0;0;1627982992;0;0;"2021-08-03 10:40:26"
1972429;NULL;NULL;6abca0f8-8939-44f5-ac26-739d4dd69216;47.64757537841797;6.59011697769165;39360;2130;1;0;1;2;0;0;1627983088;0;0;"2021-08-03 10:40:30"
1972430;NULL;NULL;6abca0f8-8939-44f5-ac26-739d4dd69216;47.65345764160156;6.5804667472839355;38080;2082;1;0;1;2;0;0;1627983040;0;0;"2021-08-03 10:40:32"
1972431;NULL;NULL;6abca0f8-8939-44f5-ac26-739d4dd69216;47.65853500366211;6.57128381729126;37400;2040;1;0;1;2;0;0;1627982998;0;0;"2021-08-03 10:40:34"
1972432;NULL;NULL;6abca0f8-8939-44f5-ac26-739d4dd69216;47.64650344848633;6.5907182693481445;39490;2136;1;0;1;2;0;0;1627983094;0;0;"2021-08-03 10:40:37"
1972433;NULL;NULL;6abca0f8-8939-44f5-ac26-739d4dd69216;47.65283966064453;6.581882953643799;38210;2088;1;0;1;2;0;0;1627983046;0;0;"2021-08-03 10:40:39"
1972434;NULL;NULL;6abca0f8-8939-44f5-ac26-739d4dd69216;47.65766906738281;6.5723676681518555;37530;2046;1;0;1;2;0;0;1627983004;0;0;"2021-08-03 10:40:41"
1972435;NULL;NULL;6abca0f8-8939-44f5-ac26-739d4dd69216;47.64561080932617;6.591241359710693;39600;2142;1;0;1;2;0;0;1627983100;0;0;"2021-08-03 10:40:45"
1972436;NULL;NULL;6abca0f8-8939-44f5-ac26-739d4dd69216;47.65221405029297;6.583314418792725;38340;2094;1;0;1;2;0;0;1627983052;0;0;"2021-08-03 10:40:48"
1972437;NULL;NULL;6abca0f8-8939-44f5-ac26-739d4dd69216;47.64088439941406;6.599940776824951;40320;2184;1;0;1;2;0;0;1627983142;1;1;"2021-08-03 10:40:52"
1972438;NULL;NULL;6abca0f8-8939-44f5-ac26-739d4dd69216;47.644378662109375;6.591934680938721;39750;2148;1;0;1;2;0;0;1627983106;0;0;"2021-08-03 10:40:53"
1972439;NULL;NULL;6abca0f8-8939-44f5-ac26-739d4dd69216;47.651580810546875;6.584753036499023;38470;2100;1;0;1;2;0;0;1627983058;0;0;"2021-08-03 10:40:55"
1972440;NULL;NULL;6abca0f8-8939-44f5-ac26-739d4dd69216;47.64098358154297;6.601624488830566;40450;2190;1;0;1;2;0;0;1627983148;0;0;"2021-08-03 10:41:00"
1972441;NULL;NULL;6abca0f8-8939-44f5-ac26-739d4dd69216;47.643394470214844;6.592771530151367;39880;2154;1;0;1;2;0;0;1627983112;0;0;"2021-08-03 10:41:00"
1972442;NULL;NULL;6abca0f8-8939-44f5-ac26-739d4dd69216;47.65105056762695;6.585942268371582;38580;2106;1;0;1;2;0;0;1627983064;0;0;"2021-08-03 10:41:03"
1972443;NULL;NULL;6abca0f8-8939-44f5-ac26-739d4dd69216;47.642539978027344;6.5938591957092285;40010;2160;1;0;1;2;0;0;1627983118;0;0;"2021-08-03 10:41:08"
1972444;NULL;NULL;6abca0f8-8939-44f5-ac26-739d4dd69216;47.64124298095703;6.603259563446045;40580;2196;1;0;1;2;0;0;1627983154;0;0;"2021-08-03 10:41:08"
1972445;NULL;NULL;6abca0f8-8939-44f5-ac26-739d4dd69216;47.65038299560547;6.587314605712891;38710;2112;1;0;1;2;0;0;1627983070;0;0;"2021-08-03 10:41:11"
1972446;NULL;NULL;6abca0f8-8939-44f5-ac26-739d4dd69216;47.641845703125;6.5951619148254395;40130;2166;1;0;1;2;0;0;1627983124;0;0;"2021-08-03 10:41:15"
1972447;NULL;NULL;6abca0f8-8939-44f5-ac26-739d4dd69216;47.64150619506836;6.60490608215332;40710;2202;1;0;1;2;0;0;1627983160;0;0;"2021-08-03 10:41:16"
1972448;NULL;NULL;6abca0f8-8939-44f5-ac26-739d4dd69216;47.64958190917969;6.588508129119873;38840;2118;1;0;1;2;0;0;1627983076;0;0;"2021-08-03 10:41:19"
1972449;NULL;NULL;6abca0f8-8939-44f5-ac26-739d4dd69216;47.6378173828125;6.61554479598999;41250;2250;1;0;1;2;0;0;1627983208;1;1;"2021-08-03 10:41:22"
1972450;NULL;NULL;6abca0f8-8939-44f5-ac26-739d4dd69216;47.64133834838867;6.596639633178711;40250;2172;1;0;1;2;0;0;1627983130;0;0;"2021-08-03 10:41:24"
1972451;NULL;NULL;6abca0f8-8939-44f5-ac26-739d4dd69216;47.64177322387695;6.6065545082092285;40840;2208;1;0;1;2;0;0;1627983166;0;0;"2021-08-03 10:41:24"
1972452;NULL;NULL;6abca0f8-8939-44f5-ac26-739d4dd69216;47.637001037597656;6.617012977600098;41390;2256;1;0;1;2;0;0;1627983214;0;0;"2021-08-03 10:41:30"
1972453;NULL;NULL;6abca0f8-8939-44f5-ac26-739d4dd69216;47.641021728515625;6.598240852355957;40380;2178;1;0;1;2;0;0;1627983136;0;0;"2021-08-03 10:41:31"
1972454;NULL;NULL;6abca0f8-8939-44f5-ac26-739d4dd69216;47.64183807373047;6.608245372772217;40970;2214;1;0;1;2;0;0;1627983172;0;0;"2021-08-03 10:41:32"
1972455;NULL;NULL;6abca0f8-8939-44f5-ac26-739d4dd69216;47.63645553588867;6.618812084197998;41540;2262;1;0;1;2;0;0;1627983220;0;0;"2021-08-03 10:41:38"
1972456;NULL;NULL;6abca0f8-8939-44f5-ac26-739d4dd69216;47.64161682128906;6.609790802001953;41090;2220;1;0;1;2;0;0;1627983178;0;0;"2021-08-03 10:41:39"
1972457;NULL;NULL;6abca0f8-8939-44f5-ac26-739d4dd69216;47.63606643676758;6.6207804679870605;41690;2268;1;0;1;2;0;0;1627983226;0;0;"2021-08-03 10:41:45"
1972458;NULL;NULL;6abca0f8-8939-44f5-ac26-739d4dd69216;47.64128875732422;6.610982418060303;41190;2226;1;0;1;2;0;0;1627983184;0;0;"2021-08-03 10:41:47"
1972459;NULL;NULL;6abca0f8-8939-44f5-ac26-739d4dd69216;47.63220977783203;6.633060455322266;43120;2310;1;0;1;2;0;0;1627983268;1;1;"2021-08-03 10:41:52"
1972460;NULL;NULL;6abca0f8-8939-44f5-ac26-739d4dd69216;47.63566207885742;6.6228203773498535;41850;2274;1;0;1;2;0;0;1627983232;0;0;"2021-08-03 10:41:52"
1972461;NULL;NULL;6abca0f8-8939-44f5-ac26-739d4dd69216;47.64060592651367;6.612433910369873;41320;2232;1;0;1;2;0;0;1627983190;0;0;"2021-08-03 10:41:54"
1972462;NULL;NULL;6abca0f8-8939-44f5-ac26-739d4dd69216;47.6314811706543;6.63435173034668;43250;2316;1;0;1;2;0;0;1627983274;0;0;"2021-08-03 10:41:59"
1972463;NULL;NULL;6abca0f8-8939-44f5-ac26-739d4dd69216;47.63522720336914;6.624837875366211;42010;2280;1;0;1;2;0;0;1627983238;0;0;"2021-08-03 10:42:00"
1972464;NULL;NULL;6abca0f8-8939-44f5-ac26-739d4dd69216;47.639774322509766;6.6135053634643555;41440;2238;1;0;1;2;0;0;1627983196;0;0;"2021-08-03 10:42:02"
1972465;NULL;NULL;6abca0f8-8939-44f5-ac26-739d4dd69216;47.63079071044922;6.635676860809326;43380;2322;1;0;1;2;0;0;1627983280;0;0;"2021-08-03 10:42:07"
1972466;NULL;NULL;6abca0f8-8939-44f5-ac26-739d4dd69216;47.6346435546875;6.626688480377197;42160;2286;1;0;1;2;0;0;1627983244;0;0;"2021-08-03 10:42:08"
1972467;NULL;NULL;6abca0f8-8939-44f5-ac26-739d4dd69216;47.6388053894043;6.614450931549072;41570;2244;1;0;1;2;0;0;1627983202;0;0;"2021-08-03 10:42:10"
1972468;NULL;NULL;6abca0f8-8939-44f5-ac26-739d4dd69216;47.63028335571289;6.636885166168213;43490;2328;1;0;1;2;0;0;1627983286;0;0;"2021-08-03 10:42:15"
1972469;NULL;NULL;6abca0f8-8939-44f5-ac26-739d4dd69216;47.63406753540039;6.628416061401367;42300;2292;1;0;1;2;0;0;1627983250;0;0;"2021-08-03 10:42:16"
1972470;NULL;NULL;6abca0f8-8939-44f5-ac26-739d4dd69216;47.62511444091797;6.6478376388549805;44500;2376;1;0;1;2;0;0;1627983334;1;1;"2021-08-03 10:42:22"
1972471;NULL;NULL;6abca0f8-8939-44f5-ac26-739d4dd69216;47.62985610961914;6.6387176513671875;43640;2334;1;0;1;2;0;0;1627983292;0;0;"2021-08-03 10:42:23"
1972472;NULL;NULL;6abca0f8-8939-44f5-ac26-739d4dd69216;47.633522033691406;6.630066871643066;42440;2298;1;0;1;2;0;0;1627983256;0;0;"2021-08-03 10:42:23"
1972473;NULL;NULL;6abca0f8-8939-44f5-ac26-739d4dd69216;47.62447738647461;6.649248123168945;44630;2382;1;0;1;2;0;0;1627983340;0;0;"2021-08-03 10:42:29"
1972474;NULL;NULL;6abca0f8-8939-44f5-ac26-739d4dd69216;47.62957000732422;6.640337944030762;43770;2340;1;0;1;2;0;0;1627983298;0;0;"2021-08-03 10:42:30"
1972475;NULL;NULL;6abca0f8-8939-44f5-ac26-739d4dd69216;47.63290786743164;6.631641387939453;42580;2304;1;0;1;2;0;0;1627983262;0;0;"2021-08-03 10:42:31"
1972476;NULL;NULL;6abca0f8-8939-44f5-ac26-739d4dd69216;47.62397384643555;6.650765419006348;44760;2388;1;0;1;2;0;0;1627983346;0;0;"2021-08-03 10:42:37"
1972477;NULL;NULL;6abca0f8-8939-44f5-ac26-739d4dd69216;47.62910461425781;6.641870975494385;43900;2346;1;0;1;2;0;0;1627983304;0;0;"2021-08-03 10:42:38"
1972478;NULL;NULL;6abca0f8-8939-44f5-ac26-739d4dd69216;47.62359619140625;6.652360916137695;44890;2394;1;0;1;2;0;0;1627983352;0;0;"2021-08-03 10:42:44"
1972479;NULL;NULL;6abca0f8-8939-44f5-ac26-739d4dd69216;47.62842559814453;6.643231391906738;44030;2352;1;0;1;2;0;0;1627983310;0;0;"2021-08-03 10:42:45"
1972480;NULL;NULL;6abca0f8-8939-44f5-ac26-739d4dd69216;47.62322998046875;6.653937339782715;45010;2400;1;0;1;2;0;0;1627983358;0;0;"2021-08-03 10:42:52"
1972481;NULL;NULL;6abca0f8-8939-44f5-ac26-739d4dd69216;47.62066650390625;6.66334342956543;45760;2436;1;0;1;2;0;0;1627983394;1;1;"2021-08-03 10:42:52"
1972482;NULL;NULL;6abca0f8-8939-44f5-ac26-739d4dd69216;47.627601623535156;6.644375324249268;44160;2358;1;0;1;2;0;0;1627983316;0;0;"2021-08-03 10:42:53"
1972483;NULL;NULL;6abca0f8-8939-44f5-ac26-739d4dd69216;47.62285614013672;6.655540943145752;45140;2406;1;0;1;2;0;0;1627983364;0;0;"2021-08-03 10:42:59"
1972484;NULL;NULL;6abca0f8-8939-44f5-ac26-739d4dd69216;47.62002944946289;6.6647419929504395;45890;2442;1;0;1;2;0;0;1627983400;0;0;"2021-08-03 10:42:59"
1972485;NULL;NULL;6abca0f8-8939-44f5-ac26-739d4dd69216;47.62675094604492;6.645474433898926;44290;2364;1;0;1;2;0;0;1627983322;0;0;"2021-08-03 10:43:00"
1972486;NULL;NULL;6abca0f8-8939-44f5-ac26-739d4dd69216;47.62248992919922;6.657163143157959;45270;2412;1;0;1;2;0;0;1627983370;0;0;"2021-08-03 10:43:07"
1972487;NULL;NULL;6abca0f8-8939-44f5-ac26-739d4dd69216;47.619503021240234;6.666232585906982;46020;2448;1;0;1;2;0;0;1627983406;0;0;"2021-08-03 10:43:07"
1972488;NULL;NULL;6abca0f8-8939-44f5-ac26-739d4dd69216;47.62588882446289;6.646589756011963;44420;2370;1;0;1;2;0;0;1627983328;0;0;"2021-08-03 10:43:08"
1972489;NULL;NULL;6abca0f8-8939-44f5-ac26-739d4dd69216;47.622108459472656;6.6587815284729;45400;2418;1;0;1;2;0;0;1627983376;0;0;"2021-08-03 10:43:15"
1972490;NULL;NULL;6abca0f8-8939-44f5-ac26-739d4dd69216;47.619083404541016;6.667789459228516;46150;2454;1;0;1;2;0;0;1627983412;0;0;"2021-08-03 10:43:15"
1972491;NULL;NULL;6abca0f8-8939-44f5-ac26-739d4dd69216;47.613670349121094;6.675980567932129;47010;2496;1;0;1;2;0;0;1627983454;1;1;"2021-08-03 10:43:22"
1972492;NULL;NULL;6abca0f8-8939-44f5-ac26-739d4dd69216;47.621742248535156;6.660374164581299;45530;2424;1;0;1;2;0;0;1627983382;0;0;"2021-08-03 10:43:22"
1972493;NULL;NULL;6abca0f8-8939-44f5-ac26-739d4dd69216;47.618648529052734;6.669344425201416;46280;2460;1;0;1;2;0;0;1627983418;0;0;"2021-08-03 10:43:22"
1972494;NULL;NULL;6abca0f8-8939-44f5-ac26-739d4dd69216;47.61271667480469;6.67689847946167;47140;2502;1;0;1;2;0;0;1627983460;0;0;"2021-08-03 10:43:29"
1972495;NULL;NULL;6abca0f8-8939-44f5-ac26-739d4dd69216;47.621280670166016;6.6619157791137695;45660;2430;1;0;1;2;0;0;1627983388;0;0;"2021-08-03 10:43:30"
1972496;NULL;NULL;6abca0f8-8939-44f5-ac26-739d4dd69216;47.61806869506836;6.670797824859619;46410;2466;1;0;1;2;0;0;1627983424;0;0;"2021-08-03 10:43:30"
1972497;NULL;NULL;6abca0f8-8939-44f5-ac26-739d4dd69216;47.61186218261719;6.678006649017334;47270;2508;1;0;1;2;0;0;1627983466;0;0;"2021-08-03 10:43:37"
1972498;NULL;NULL;6abca0f8-8939-44f5-ac26-739d4dd69216;47.61737823486328;6.672115802764893;46540;2472;1;0;1;2;0;0;1627983430;0;0;"2021-08-03 10:43:38"
1972499;NULL;NULL;6abca0f8-8939-44f5-ac26-739d4dd69216;47.611122131347656;6.679270267486572;47400;2514;1;0;1;2;0;0;1627983472;0;0;"2021-08-03 10:43:44"
1972500;NULL;NULL;6abca0f8-8939-44f5-ac26-739d4dd69216;47.61656188964844;6.673251152038574;46660;2478;1;0;1;2;0;0;1627983436;0;0;"2021-08-03 10:43:45"
1972501;NULL;NULL;6abca0f8-8939-44f5-ac26-739d4dd69216;47.61050796508789;6.680674076080322;47530;2520;1;0;1;2;0;0;1627983478;0;0;"2021-08-03 10:43:51"
1972502;NULL;NULL;6abca0f8-8939-44f5-ac26-739d4dd69216;47.60929870605469;6.690272331237793;48170;2556;1;0;1;2;0;0;1627983514;1;1;"2021-08-03 10:43:52"
1972503;NULL;NULL;6abca0f8-8939-44f5-ac26-739d4dd69216;47.615638732910156;6.674227714538574;46790;2484;1;0;1;2;0;0;1627983442;0;0;"2021-08-03 10:43:52"
1972504;NULL;NULL;6abca0f8-8939-44f5-ac26-739d4dd69216;47.61003112792969;6.682156085968018;47650;2526;1;0;1;2;0;0;1627983484;0;0;"2021-08-03 10:43:59"
1972505;NULL;NULL;6abca0f8-8939-44f5-ac26-739d4dd69216;47.609127044677734;6.691753387451172;48280;2562;1;0;1;2;0;0;1627983520;0;0;"2021-08-03 10:43:59"
1972506;NULL;NULL;6abca0f8-8939-44f5-ac26-739d4dd69216;47.61465835571289;6.675102233886719;46920;2490;1;0;1;2;0;0;1627983448;0;0;"2021-08-03 10:44:00"
1972507;NULL;NULL;6abca0f8-8939-44f5-ac26-739d4dd69216;47.60968780517578;6.68379020690918;47780;2532;1;0;1;2;0;0;1627983490;0;0;"2021-08-03 10:44:07"
1972508;NULL;NULL;6abca0f8-8939-44f5-ac26-739d4dd69216;47.60895919799805;6.693232536315918;48390;2568;1;0;1;2;0;0;1627983526;0;0;"2021-08-03 10:44:07"
1972509;NULL;NULL;6abca0f8-8939-44f5-ac26-739d4dd69216;47.6095085144043;6.685469150543213;47910;2538;1;0;1;2;0;0;1627983496;0;0;"2021-08-03 10:44:14"
1972510;NULL;NULL;6abca0f8-8939-44f5-ac26-739d4dd69216;47.60878372192383;6.69476842880249;48510;2574;1;0;1;2;0;0;1627983532;0;0;"2021-08-03 10:44:14"
1972511;NULL;NULL;6abca0f8-8939-44f5-ac26-739d4dd69216;47.60944747924805;6.687164783477783;48040;2544;1;0;1;2;0;0;1627983502;0;0;"2021-08-03 10:44:21"
1972512;NULL;NULL;6abca0f8-8939-44f5-ac26-739d4dd69216;47.60860061645508;6.696412563323975;48630;2580;1;0;1;2;0;0;1627983538;0;0;"2021-08-03 10:44:22"
1972513;NULL;NULL;6abca0f8-8939-44f5-ac26-739d4dd69216;47.60631561279297;6.707048416137695;49470;2616;1;0;1;2;0;0;1627983574;1;1;"2021-08-03 10:44:22"
1972514;NULL;NULL;6abca0f8-8939-44f5-ac26-739d4dd69216;47.609397888183594;6.688756465911865;48160;2550;1;0;1;2;0;0;1627983508;0;0;"2021-08-03 10:44:29"
1972515;NULL;NULL;6abca0f8-8939-44f5-ac26-739d4dd69216;47.608394622802734;6.698174953460693;48760;2586;1;0;1;2;0;0;1627983544;0;0;"2021-08-03 10:44:29"
1972516;NULL;NULL;6abca0f8-8939-44f5-ac26-739d4dd69216;47.60597610473633;6.708654880523682;49600;2622;1;0;1;2;0;0;1627983580;0;0;"2021-08-03 10:44:29"
1972517;NULL;NULL;6abca0f8-8939-44f5-ac26-739d4dd69216;47.60810852050781;6.700018405914307;48900;2592;1;0;1;2;0;0;1627983550;0;0;"2021-08-03 10:44:37"
1972518;NULL;NULL;6abca0f8-8939-44f5-ac26-739d4dd69216;47.60567855834961;6.710366725921631;49730;2628;1;0;1;2;0;0;1627983586;0;0;"2021-08-03 10:44:37"
1972519;NULL;NULL;6abca0f8-8939-44f5-ac26-739d4dd69216;47.607765197753906;6.701602458953857;49020;2598;1;0;1;2;0;0;1627983556;0;0;"2021-08-03 10:44:44"
1972520;NULL;NULL;6abca0f8-8939-44f5-ac26-739d4dd69216;47.605377197265625;6.712008476257324;49860;2634;1;0;1;2;0;0;1627983592;0;0;"2021-08-03 10:44:44"
1972521;NULL;NULL;6abca0f8-8939-44f5-ac26-739d4dd69216;47.599395751953125;6.723174571990967;50920;2682;1;0;1;2;0;0;1627983640;1;1;"2021-08-03 10:44:52"
1972522;NULL;NULL;6abca0f8-8939-44f5-ac26-739d4dd69216;47.60491180419922;6.713531017303467;49990;2640;1;0;1;2;0;0;1627983598;0;0;"2021-08-03 10:44:52"
1972523;NULL;NULL;6abca0f8-8939-44f5-ac26-739d4dd69216;47.607215881347656;6.703730583190918;49190;2604;1;0;1;2;0;0;1627983562;0;0;"2021-08-03 10:44:52"
1972524;NULL;NULL;6abca0f8-8939-44f5-ac26-739d4dd69216;47.60429763793945;6.71495246887207;50120;2646;1;0;1;2;0;0;1627983604;0;0;"2021-08-03 10:45:00"
1972525;NULL;NULL;6abca0f8-8939-44f5-ac26-739d4dd69216;47.598350524902344;6.724399089813232;51070;2688;1;0;1;2;0;0;1627983646;0;0;"2021-08-03 10:45:00"
1972526;NULL;NULL;6abca0f8-8939-44f5-ac26-739d4dd69216;47.60673522949219;6.70544958114624;49330;2610;1;0;1;2;0;0;1627983568;0;0;"2021-08-03 10:45:00"
1972527;NULL;NULL;6abca0f8-8939-44f5-ac26-739d4dd69216;47.60359191894531;6.716320514678955;50250;2652;1;0;1;2;0;0;1627983610;0;0;"2021-08-03 10:45:07"
1972528;NULL;NULL;6abca0f8-8939-44f5-ac26-739d4dd69216;47.597267150878906;6.7256340980529785;51220;2694;1;0;1;2;0;0;1627983652;0;0;"2021-08-03 10:45:08"
1972529;NULL;NULL;6abca0f8-8939-44f5-ac26-739d4dd69216;47.60283660888672;6.717719554901123;50380;2658;1;0;1;2;0;0;1627983616;0;0;"2021-08-03 10:45:14"
1972530;NULL;NULL;6abca0f8-8939-44f5-ac26-739d4dd69216;47.596168518066406;6.726897716522217;51370;2700;1;0;1;2;0;0;1627983658;0;0;"2021-08-03 10:45:15"
1972531;NULL;NULL;6abca0f8-8939-44f5-ac26-739d4dd69216;47.58857345581055;6.734202861785889;52380;2742;1;0;1;2;0;0;1627983700;1;1;"2021-08-03 10:45:22"
1972532;NULL;NULL;6abca0f8-8939-44f5-ac26-739d4dd69216;47.60206985473633;6.719153881072998;50520;2664;1;0;1;2;0;0;1627983622;0;0;"2021-08-03 10:45:22"
1972533;NULL;NULL;6abca0f8-8939-44f5-ac26-739d4dd69216;47.595088958740234;6.7281599044799805;51520;2706;1;0;1;2;0;0;1627983664;0;0;"2021-08-03 10:45:23"
1972534;NULL;NULL;6abca0f8-8939-44f5-ac26-739d4dd69216;47.58772277832031;6.735466480255127;52510;2748;1;0;1;2;0;0;1627983706;0;0;"2021-08-03 10:45:29"
1972535;NULL;NULL;6abca0f8-8939-44f5-ac26-739d4dd69216;47.60122299194336;6.72060489654541;50660;2670;1;0;1;2;0;0;1627983628;0;0;"2021-08-03 10:45:30"
1972536;NULL;NULL;6abca0f8-8939-44f5-ac26-739d4dd69216;47.5940055847168;6.729376792907715;51670;2712;1;0;1;2;0;0;1627983670;0;0;"2021-08-03 10:45:30"
1972537;NULL;NULL;6abca0f8-8939-44f5-ac26-739d4dd69216;47.586997985839844;6.736837863922119;52640;2754;1;0;1;2;0;0;1627983712;0;0;"2021-08-03 10:45:37"
1972538;NULL;NULL;6abca0f8-8939-44f5-ac26-739d4dd69216;47.600379943847656;6.721878528594971;50790;2676;1;0;1;2;0;0;1627983634;0;0;"2021-08-03 10:45:37"
1972539;NULL;NULL;6abca0f8-8939-44f5-ac26-739d4dd69216;47.59288787841797;6.730441570281982;51820;2718;1;0;1;2;0;0;1627983676;0;0;"2021-08-03 10:45:38"
1972540;NULL;NULL;6abca0f8-8939-44f5-ac26-739d4dd69216;47.58637237548828;6.7382941246032715;52770;2760;1;0;1;2;0;0;1627983718;0;0;"2021-08-03 10:45:45"
1972541;NULL;NULL;6abca0f8-8939-44f5-ac26-739d4dd69216;47.59174346923828;6.731348037719727;51960;2724;1;0;1;2;0;0;1627983682;0;0;"2021-08-03 10:45:45"
1972542;NULL;NULL;6abca0f8-8939-44f5-ac26-739d4dd69216;47.58493423461914;6.7513933181762695;53620;2808;1;0;1;2;0;0;1627983766;1;1;"2021-08-03 10:45:52"
1972543;NULL;NULL;6abca0f8-8939-44f5-ac26-739d4dd69216;47.58587646484375;6.739804267883301;52900;2766;1;0;1;2;0;0;1627983724;0;0;"2021-08-03 10:45:52"
1972544;NULL;NULL;6abca0f8-8939-44f5-ac26-739d4dd69216;47.590599060058594;6.732212543487549;52100;2730;1;0;1;2;0;0;1627983688;0;0;"2021-08-03 10:45:53"
1972545;NULL;NULL;6abca0f8-8939-44f5-ac26-739d4dd69216;47.58952713012695;6.733131408691406;52240;2736;1;0;1;2;0;0;1627983694;0;0;"2021-08-03 10:45:59"
1972546;NULL;NULL;6abca0f8-8939-44f5-ac26-739d4dd69216;47.58504104614258;6.753089427947998;53750;2814;1;0;1;2;0;0;1627983772;0;0;"2021-08-03 10:45:59"
1972547;NULL;NULL;6abca0f8-8939-44f5-ac26-739d4dd69216;47.58551025390625;6.741382598876953;53030;2772;1;0;1;2;0;0;1627983730;0;0;"2021-08-03 10:46:00"
1972548;NULL;NULL;6abca0f8-8939-44f5-ac26-739d4dd69216;47.585201263427734;6.754760265350342;53880;2820;1;0;1;2;0;0;1627983778;0;0;"2021-08-03 10:46:07"
1972549;NULL;NULL;6abca0f8-8939-44f5-ac26-739d4dd69216;47.58522415161133;6.7430267333984375;53160;2778;1;0;1;2;0;0;1627983736;0;0;"2021-08-03 10:46:08"
1972550;NULL;NULL;6abca0f8-8939-44f5-ac26-739d4dd69216;47.58544158935547;6.75642204284668;54010;2826;1;0;1;2;0;0;1627983784;0;0;"2021-08-03 10:46:14"
1972551;NULL;NULL;6abca0f8-8939-44f5-ac26-739d4dd69216;47.584957122802734;6.744663715362549;53290;2784;1;0;1;2;0;0;1627983742;0;0;"2021-08-03 10:46:15"
1972552;NULL;NULL;6abca0f8-8939-44f5-ac26-739d4dd69216;47.58799743652344;6.767397880554199;55010;2868;1;0;1;2;0;0;1627983826;1;1;"2021-08-03 10:46:21"
1972553;NULL;NULL;6abca0f8-8939-44f5-ac26-739d4dd69216;47.58570861816406;6.758055210113525;54140;2832;1;0;1;2;0;0;1627983790;0;0;"2021-08-03 10:46:22"
1972554;NULL;NULL;6abca0f8-8939-44f5-ac26-739d4dd69216;47.58478927612305;6.746351718902588;53420;2790;1;0;1;2;0;0;1627983748;0;0;"2021-08-03 10:46:23"
1972555;NULL;NULL;6abca0f8-8939-44f5-ac26-739d4dd69216;47.58833312988281;6.76863956451416;55110;2874;1;0;1;2;0;0;1627983832;0;0;"2021-08-03 10:46:29"
1972556;NULL;NULL;6abca0f8-8939-44f5-ac26-739d4dd69216;47.585975646972656;6.759693145751953;54270;2838;1;0;1;2;0;0;1627983796;0;0;"2021-08-03 10:46:29"
1972557;NULL;NULL;6abca0f8-8939-44f5-ac26-739d4dd69216;47.58476257324219;6.748055934906006;53550;2796;1;0;1;2;0;0;1627983754;0;0;"2021-08-03 10:46:30"
1972558;NULL;NULL;6abca0f8-8939-44f5-ac26-739d4dd69216;47.58864212036133;6.769810199737549;55200;2880;1;0;1;2;0;0;1627983838;0;0;"2021-08-03 10:46:37"
1972559;NULL;NULL;6abca0f8-8939-44f5-ac26-739d4dd69216;47.58632278442383;6.76127290725708;54390;2844;1;0;1;2;0;0;1627983802;0;0;"2021-08-03 10:46:37"
1972560;NULL;NULL;6abca0f8-8939-44f5-ac26-739d4dd69216;47.58482360839844;6.749703407287598;53670;2802;1;0;1;2;0;0;1627983760;0;0;"2021-08-03 10:46:38"
1972561;NULL;NULL;6abca0f8-8939-44f5-ac26-739d4dd69216;47.58892059326172;6.770957946777344;55290;2886;1;0;1;2;0;0;1627983844;0;0;"2021-08-03 10:46:44"
1972562;NULL;NULL;6abca0f8-8939-44f5-ac26-739d4dd69216;47.58674240112305;6.762840747833252;54520;2850;1;0;1;2;0;0;1627983808;0;0;"2021-08-03 10:46:45"
1972563;NULL;NULL;6abca0f8-8939-44f5-ac26-739d4dd69216;47.5905876159668;6.782402038574219;56210;2928;1;0;1;2;0;0;1627983886;1;1;"2021-08-03 10:46:52"
1972564;NULL;NULL;6abca0f8-8939-44f5-ac26-739d4dd69216;47.58913803100586;6.772170543670654;55380;2892;1;0;1;2;0;0;1627983850;0;0;"2021-08-03 10:46:52"
1972565;NULL;NULL;6abca0f8-8939-44f5-ac26-739d4dd69216;47.58717346191406;6.764404296875;54650;2856;1;0;1;2;0;0;1627983814;0;0;"2021-08-03 10:46:53"
1972566;NULL;NULL;6abca0f8-8939-44f5-ac26-739d4dd69216;47.5908088684082;6.784460067749023;56370;2934;1;0;1;2;0;0;1627983892;0;0;"2021-08-03 10:46:59"
1972567;NULL;NULL;6abca0f8-8939-44f5-ac26-739d4dd69216;47.589332580566406;6.773499011993408;55480;2898;1;0;1;2;0;0;1627983856;0;0;"2021-08-03 10:47:00"
1972568;NULL;NULL;6abca0f8-8939-44f5-ac26-739d4dd69216;47.58759689331055;6.765960693359375;54780;2862;1;0;1;2;0;0;1627983820;0;0;"2021-08-03 10:47:00"
1972569;NULL;NULL;6abca0f8-8939-44f5-ac26-739d4dd69216;47.590843200683594;6.78633975982666;56510;2940;1;0;1;2;0;0;1627983898;0;0;"2021-08-03 10:47:07"
1972570;NULL;NULL;6abca0f8-8939-44f5-ac26-739d4dd69216;47.58954620361328;6.774986743927002;55590;2904;1;0;1;2;0;0;1627983862;0;0;"2021-08-03 10:47:07"
1972571;NULL;NULL;6abca0f8-8939-44f5-ac26-739d4dd69216;47.590816497802734;6.787974834442139;56630;2946;1;0;1;2;0;0;1627983904;0;0;"2021-08-03 10:47:14"
1972572;NULL;NULL;6abca0f8-8939-44f5-ac26-739d4dd69216;47.58972930908203;6.776350975036621;55690;2910;1;0;1;2;0;0;1627983868;0;0;"2021-08-03 10:47:14"
1972573;NULL;NULL;6abca0f8-8939-44f5-ac26-739d4dd69216;47.59204864501953;6.799076557159424;57420;2988;2;0;1;2;0;0;1627983946;1;1;"2021-08-03 10:47:21"
1972574;NULL;NULL;6abca0f8-8939-44f5-ac26-739d4dd69216;47.590797424316406;6.789571762084961;56750;2952;1;0;1;2;0;0;1627983910;0;0;"2021-08-03 10:47:22"
1972575;NULL;NULL;6abca0f8-8939-44f5-ac26-739d4dd69216;47.59002685546875;6.778404712677002;55850;2916;1;0;1;2;0;0;1627983874;0;0;"2021-08-03 10:47:22"
1972576;NULL;NULL;6abca0f8-8939-44f5-ac26-739d4dd69216;47.59272766113281;6.8004021644592285;57540;2994;1;0;1;2;0;0;1627983952;0;0;"2021-08-03 10:47:29"
1972577;NULL;NULL;6abca0f8-8939-44f5-ac26-739d4dd69216;47.59076690673828;6.791222095489502;56870;2958;1;0;1;2;0;0;1627983916;0;0;"2021-08-03 10:47:29"
1972578;NULL;NULL;6abca0f8-8939-44f5-ac26-739d4dd69216;47.590293884277344;6.780339241027832;56000;2922;1;0;1;2;0;0;1627983880;0;0;"2021-08-03 10:47:30"
1972579;NULL;NULL;6abca0f8-8939-44f5-ac26-739d4dd69216;47.5935173034668;6.801609516143799;57670;3000;1;0;1;2;0;0;1627983958;0;0;"2021-08-03 10:47:37"
1972580;NULL;NULL;6abca0f8-8939-44f5-ac26-739d4dd69216;47.590755462646484;6.7928996086120605;57000;2964;1;0;1;2;0;0;1627983922;0;0;"2021-08-03 10:47:37"
1972581;NULL;NULL;6abca0f8-8939-44f5-ac26-739d4dd69216;47.59443664550781;6.80263614654541;57800;3006;2;0;1;2;0;0;1627983964;0;0;"2021-08-03 10:47:44"
1972582;NULL;NULL;6abca0f8-8939-44f5-ac26-739d4dd69216;47.590763092041016;6.794602394104004;57130;2970;1;0;1;2;0;0;1627983928;0;0;"2021-08-03 10:47:45"
1972583;NULL;NULL;6abca0f8-8939-44f5-ac26-739d4dd69216;47.599185943603516;6.815648555755615;58940;3066;1;0;1;2;0;0;1627984024;1;1;"2021-08-03 10:47:52"
1972584;NULL;NULL;6abca0f8-8939-44f5-ac26-739d4dd69216;47.59535217285156;6.803666114807129;57930;3012;2;0;1;2;0;0;1627983970;0;0;"2021-08-03 10:47:52"
1972585;NULL;NULL;6abca0f8-8939-44f5-ac26-739d4dd69216;47.59091567993164;6.796277046203613;57260;2976;1;0;1;2;0;0;1627983934;0;0;"2021-08-03 10:47:52"
1972586;NULL;NULL;6abca0f8-8939-44f5-ac26-739d4dd69216;47.59892272949219;6.817318916320801;59070;3072;1;0;1;2;0;0;1627984030;0;0;"2021-08-03 10:47:59"
1972587;NULL;NULL;6abca0f8-8939-44f5-ac26-739d4dd69216;47.596256256103516;6.804690837860107;58060;3018;2;0;1;2;0;0;1627983976;0;0;"2021-08-03 10:48:00"
1972588;NULL;NULL;6abca0f8-8939-44f5-ac26-739d4dd69216;47.59138488769531;6.797755241394043;57380;2982;1;0;1;2;0;0;1627983940;0;0;"2021-08-03 10:48:00"
1972589;NULL;NULL;6abca0f8-8939-44f5-ac26-739d4dd69216;47.5986328125;6.819044589996338;59200;3078;1;0;1;2;0;0;1627984036;0;0;"2021-08-03 10:48:07"
1972590;NULL;NULL;6abca0f8-8939-44f5-ac26-739d4dd69216;47.597145080566406;6.805715560913086;58190;3024;2;0;1;2;0;0;1627983982;0;0;"2021-08-03 10:48:07"
1972591;NULL;NULL;6abca0f8-8939-44f5-ac26-739d4dd69216;47.59797668457031;6.806823253631592;58310;3030;2;0;1;2;0;0;1627983988;0;0;"2021-08-03 10:48:14"
1972592;NULL;NULL;6abca0f8-8939-44f5-ac26-739d4dd69216;47.59833908081055;6.820800304412842;59340;3084;1;0;1;2;0;0;1627984042;0;0;"2021-08-03 10:48:14"
1972593;NULL;NULL;6abca0f8-8939-44f5-ac26-739d4dd69216;47.59859848022461;6.808091163635254;58430;3036;2;0;1;2;0;0;1627983994;0;0;"2021-08-03 10:48:21"
1972594;NULL;NULL;6abca0f8-8939-44f5-ac26-739d4dd69216;47.59768295288086;6.8325653076171875;60200;3126;2;0;1;2;0;0;1627984084;1;1;"2021-08-03 10:48:22"
1972595;NULL;NULL;6abca0f8-8939-44f5-ac26-739d4dd69216;47.59805679321289;6.822589874267578;59480;3090;1;0;1;2;0;0;1627984048;0;0;"2021-08-03 10:48:22"
1972596;NULL;NULL;6abca0f8-8939-44f5-ac26-739d4dd69216;47.599082946777344;6.809423446655273;58540;3042;2;0;1;2;0;0;1627984000;0;0;"2021-08-03 10:48:29"
1972597;NULL;NULL;6abca0f8-8939-44f5-ac26-739d4dd69216;47.598079681396484;6.834149360656738;60330;3132;1;0;1;2;0;0;1627984090;0;0;"2021-08-03 10:48:29"
1972598;NULL;NULL;6abca0f8-8939-44f5-ac26-739d4dd69216;47.597774505615234;6.824340343475342;59620;3096;1;0;1;2;0;0;1627984054;0;0;"2021-08-03 10:48:29"
1972599;NULL;NULL;6abca0f8-8939-44f5-ac26-739d4dd69216;47.599369049072266;6.810892105102539;58650;3048;1;0;1;2;0;0;1627984006;0;0;"2021-08-03 10:48:37"
1972600;NULL;NULL;6abca0f8-8939-44f5-ac26-739d4dd69216;47.59834289550781;6.83578634262085;60460;3138;1;0;1;2;0;0;1627984096;0;0;"2021-08-03 10:48:37"
1972601;NULL;NULL;6abca0f8-8939-44f5-ac26-739d4dd69216;47.597496032714844;6.826030254364014;59750;3102;1;0;1;2;0;0;1627984060;0;0;"2021-08-03 10:48:37"
1972602;NULL;NULL;6abca0f8-8939-44f5-ac26-739d4dd69216;47.59949493408203;6.812439918518066;58770;3054;1;0;1;2;0;0;1627984012;0;0;"2021-08-03 10:48:45"
1972603;NULL;NULL;6abca0f8-8939-44f5-ac26-739d4dd69216;47.597259521484375;6.827629089355469;59870;3108;1;0;1;2;0;0;1627984066;0;0;"2021-08-03 10:48:45"
1972604;NULL;NULL;6abca0f8-8939-44f5-ac26-739d4dd69216;47.598350524902344;6.837404727935791;60580;3144;2;0;1;2;0;0;1627984102;0;0;"2021-08-03 10:48:45"
1972605;NULL;NULL;6abca0f8-8939-44f5-ac26-739d4dd69216;47.5925178527832;6.846088409423828;61350;3192;2;0;1;2;0;0;1627984150;1;1;"2021-08-03 10:48:52"
1972606;NULL;NULL;6abca0f8-8939-44f5-ac26-739d4dd69216;47.59943771362305;6.814037799835205;58890;3060;2;0;1;2;0;0;1627984018;0;0;"2021-08-03 10:48:53"
1972607;NULL;NULL;6abca0f8-8939-44f5-ac26-739d4dd69216;47.59719467163086;6.829308986663818;60000;3114;1;0;1;2;0;0;1627984072;0;0;"2021-08-03 10:48:53"
1972608;NULL;NULL;6abca0f8-8939-44f5-ac26-739d4dd69216;47.59811019897461;6.838881015777588;60690;3150;2;0;1;2;0;0;1627984108;0;0;"2021-08-03 10:48:53"
1972609;NULL;NULL;6abca0f8-8939-44f5-ac26-739d4dd69216;47.591556549072266;6.84710168838501;61480;3198;2;0;1;2;0;0;1627984156;0;0;"2021-08-03 10:49:00"
1972610;NULL;NULL;6abca0f8-8939-44f5-ac26-739d4dd69216;47.59734344482422;6.830967903137207;60130;3120;1;0;1;2;0;0;1627984078;0;0;"2021-08-03 10:49:01"
1972611;NULL;NULL;6abca0f8-8939-44f5-ac26-739d4dd69216;47.59764862060547;6.840220928192139;60800;3156;2;0;1;2;0;0;1627984114;0;0;"2021-08-03 10:49:02"
1972612;NULL;NULL;6abca0f8-8939-44f5-ac26-739d4dd69216;47.59058380126953;6.848121166229248;61610;3204;2;0;1;2;0;0;1627984162;0;0;"2021-08-03 10:49:08"
1972613;NULL;NULL;6abca0f8-8939-44f5-ac26-739d4dd69216;47.59697341918945;6.841367721557617;60910;3162;2;0;1;2;0;0;1627984120;0;0;"2021-08-03 10:49:09"
1972614;NULL;NULL;6abca0f8-8939-44f5-ac26-739d4dd69216;47.58961486816406;6.849117279052734;61740;3210;2;0;1;2;0;0;1627984168;0;0;"2021-08-03 10:49:15"
1972615;NULL;NULL;6abca0f8-8939-44f5-ac26-739d4dd69216;47.59614944458008;6.842324733734131;61030;3168;2;0;1;2;0;0;1627984126;0;0;"2021-08-03 10:49:17"
1972616;NULL;NULL;6abca0f8-8939-44f5-ac26-739d4dd69216;47.58510971069336;6.855764389038086;62620;3252;2;3;1;2;0;0;1627984210;1;1;"2021-08-03 10:49:22"
1972617;NULL;NULL;6abca0f8-8939-44f5-ac26-739d4dd69216;47.58864974975586;6.8500800132751465;61870;3216;2;0;1;2;0;0;1627984174;0;0;"2021-08-03 10:49:23"
1972618;NULL;NULL;6abca0f8-8939-44f5-ac26-739d4dd69216;47.59527587890625;6.843239784240723;61150;3174;2;0;1;2;0;0;1627984132;0;0;"2021-08-03 10:49:24"
1972619;NULL;NULL;6abca0f8-8939-44f5-ac26-739d4dd69216;47.58506393432617;6.8567304611206055;62690;3258;2;0;1;2;0;0;1627984216;0;0;"2021-08-03 10:49:30"
1972620;NULL;NULL;6abca0f8-8939-44f5-ac26-739d4dd69216;47.58771514892578;6.8510260581970215;62000;3222;2;0;1;2;0;0;1627984180;0;0;"2021-08-03 10:49:30"
1972621;NULL;NULL;6abca0f8-8939-44f5-ac26-739d4dd69216;47.59437942504883;6.844174385070801;61270;3180;2;0;1;2;0;0;1627984138;0;0;"2021-08-03 10:49:32"
1972622;NULL;NULL;6abca0f8-8939-44f5-ac26-739d4dd69216;47.585018157958984;6.857624053955078;62760;3264;2;0;1;2;0;0;1627984222;0;0;"2021-08-03 10:49:38"
1972623;NULL;NULL;6abca0f8-8939-44f5-ac26-739d4dd69216;47.58693313598633;6.852045059204102;62120;3228;2;0;1;2;0;0;1627984186;0;0;"2021-08-03 10:49:38"
1972624;NULL;NULL;6abca0f8-8939-44f5-ac26-739d4dd69216;47.59346008300781;6.845125675201416;61390;3186;1;0;1;2;0;0;1627984144;0;0;"2021-08-03 10:49:40"
1972625;NULL;NULL;6abca0f8-8939-44f5-ac26-739d4dd69216;47.584964752197266;6.858449935913086;62820;3270;2;3;1;2;0;0;1627984228;0;0;"2021-08-03 10:49:45"
1972626;NULL;NULL;6abca0f8-8939-44f5-ac26-739d4dd69216;47.5863151550293;6.853083610534668;62220;3234;2;0;1;2;0;0;1627984192;0;0;"2021-08-03 10:49:46"
1972627;NULL;NULL;6abca0f8-8939-44f5-ac26-739d4dd69216;47.58384704589844;6.860337734222412;62960;3312;2;3;1;2;0;0;1627984270;1;1;"2021-08-03 10:49:51"
1972628;NULL;NULL;6abca0f8-8939-44f5-ac26-739d4dd69216;47.58480453491211;6.859208583831787;62880;3276;2;3;1;2;0;0;1627984234;0;0;"2021-08-03 10:49:53"
1972629;NULL;NULL;6abca0f8-8939-44f5-ac26-739d4dd69216;47.585723876953125;6.853901386260986;62310;3240;2;0;1;2;0;0;1627984198;0;0;"2021-08-03 10:49:53"
1972630;NULL;NULL;6abca0f8-8939-44f5-ac26-739d4dd69216;47.58384704589844;6.860337734222412;62960;3318;2;0;1;2;0;0;1627984276;0;0;"2021-08-03 10:49:58"
1972631;NULL;NULL;6abca0f8-8939-44f5-ac26-739d4dd69216;47.58457946777344;6.859895706176758;62940;3282;2;3;1;2;0;0;1627984240;0;0;"2021-08-03 10:50:00"
1972632;NULL;NULL;6abca0f8-8939-44f5-ac26-739d4dd69216;47.58527755737305;6.854772090911865;62390;3246;2;0;1;2;0;0;1627984204;0;0;"2021-08-03 10:50:01"
1972633;NULL;NULL;6abca0f8-8939-44f5-ac26-739d4dd69216;47.58384704589844;6.860337734222412;62960;3324;2;3;1;2;0;0;1627984282;0;0;"2021-08-03 10:50:07"
1972634;NULL;NULL;6abca0f8-8939-44f5-ac26-739d4dd69216;47.584228515625;6.860373020172119;62990;3288;2;3;1;2;0;0;1627984246;0;0;"2021-08-03 10:50:09"
1972635;NULL;NULL;6abca0f8-8939-44f5-ac26-739d4dd69216;47.58384704589844;6.860337734222412;62960;3330;2;3;1;2;1;0;1627984288;0;0;"2021-08-03 10:50:14"
1972636;NULL;NULL;6abca0f8-8939-44f5-ac26-739d4dd69216;47.58384704589844;6.860337734222412;63030;3294;2;3;1;2;0;0;1627984252;0;0;"2021-08-03 10:50:16"
1972637;NULL;NULL;6abca0f8-8939-44f5-ac26-739d4dd69216;47.58384704589844;6.860337734222412;63030;3378;2;3;1;2;1;0;1627984336;1;1;"2021-08-03 10:50:22"
1972638;NULL;NULL;6abca0f8-8939-44f5-ac26-739d4dd69216;47.58384704589844;6.860337734222412;62960;3336;2;3;1;2;1;0;1627984294;0;0;"2021-08-03 10:50:22"
1972639;NULL;NULL;6abca0f8-8939-44f5-ac26-739d4dd69216;47.58384704589844;6.860337734222412;63030;3300;2;3;1;2;0;0;1627984258;0;0;"2021-08-03 10:50:24"
1972640;NULL;NULL;6abca0f8-8939-44f5-ac26-739d4dd69216;47.58384704589844;6.860337734222412;62960;3342;2;3;1;2;1;0;1627984300;0;0;"2021-08-03 10:50:29"
1972641;NULL;NULL;6abca0f8-8939-44f5-ac26-739d4dd69216;47.58384704589844;6.860337734222412;63030;3384;2;3;1;2;1;0;1627984342;0;0;"2021-08-03 10:50:30"
1972642;NULL;NULL;6abca0f8-8939-44f5-ac26-739d4dd69216;47.58384704589844;6.860337734222412;63030;3306;2;3;1;2;0;0;1627984264;0;0;"2021-08-03 10:50:32"
1972643;NULL;NULL;6abca0f8-8939-44f5-ac26-739d4dd69216;47.58384704589844;6.860337734222412;62960;3348;2;3;1;2;1;0;1627984306;0;0;"2021-08-03 10:50:36"
1972644;NULL;NULL;6abca0f8-8939-44f5-ac26-739d4dd69216;47.58384704589844;6.860337734222412;63030;3390;2;3;1;2;1;0;1627984348;0;0;"2021-08-03 10:50:37"
1972645;NULL;NULL;6abca0f8-8939-44f5-ac26-739d4dd69216;47.58384704589844;6.860337734222412;62960;3354;2;3;1;2;1;0;1627984312;0;0;"2021-08-03 10:50:44"
1972646;NULL;NULL;6abca0f8-8939-44f5-ac26-739d4dd69216;47.58384704589844;6.860337734222412;63030;3396;2;3;1;2;1;0;1627984354;0;0;"2021-08-03 10:50:44"
1972647;NULL;NULL;6abca0f8-8939-44f5-ac26-739d4dd69216;47.58384704589844;6.860337734222412;62960;3360;2;3;1;2;1;0;1627984318;0;0;"2021-08-03 10:50:51"
1972648;NULL;NULL;6abca0f8-8939-44f5-ac26-739d4dd69216;47.58384704589844;6.860337734222412;63030;3402;2;3;1;2;1;0;1627984360;0;0;"2021-08-03 10:50:52"
1972649;NULL;NULL;6abca0f8-8939-44f5-ac26-739d4dd69216;47.58384704589844;6.860337734222412;63040;3438;2;3;1;2;1;0;1627984396;1;1;"2021-08-03 10:50:52"
1972650;NULL;NULL;6abca0f8-8939-44f5-ac26-739d4dd69216;47.58384704589844;6.860337734222412;62960;3366;2;3;1;2;1;0;1627984324;0;0;"2021-08-03 10:50:59"
1972651;NULL;NULL;6abca0f8-8939-44f5-ac26-739d4dd69216;47.58384704589844;6.860337734222412;63030;3408;2;3;1;2;1;0;1627984366;0;0;"2021-08-03 10:51:00"
1972652;NULL;NULL;6abca0f8-8939-44f5-ac26-739d4dd69216;47.58384704589844;6.860337734222412;63040;3444;2;3;1;2;1;0;1627984402;0;0;"2021-08-03 10:51:00"
1972653;NULL;NULL;6abca0f8-8939-44f5-ac26-739d4dd69216;47.58384704589844;6.860337734222412;62960;3372;2;0;1;2;1;0;1627984330;0;0;"2021-08-03 10:51:07"
1972654;NULL;NULL;6abca0f8-8939-44f5-ac26-739d4dd69216;47.58384704589844;6.860337734222412;63030;3414;2;3;1;2;1;0;1627984372;0;0;"2021-08-03 10:51:07"
1972655;NULL;NULL;6abca0f8-8939-44f5-ac26-739d4dd69216;47.58384704589844;6.860337734222412;63040;3450;2;3;1;2;1;0;1627984408;0;0;"2021-08-03 10:51:08"
1972656;NULL;NULL;6abca0f8-8939-44f5-ac26-739d4dd69216;47.58384704589844;6.860337734222412;63030;3420;2;3;1;2;1;0;1627984378;0;0;"2021-08-03 10:51:15"
1972657;NULL;NULL;6abca0f8-8939-44f5-ac26-739d4dd69216;47.58384704589844;6.860337734222412;63040;3456;2;3;1;2;1;0;1627984414;0;0;"2021-08-03 10:51:15"
1972658;NULL;NULL;6abca0f8-8939-44f5-ac26-739d4dd69216;47.58384704589844;6.860337734222412;63050;3498;2;3;1;2;1;0;1627984456;1;1;"2021-08-03 10:51:22"
1972659;NULL;NULL;6abca0f8-8939-44f5-ac26-739d4dd69216;47.58384704589844;6.860337734222412;63040;3462;2;3;1;2;1;0;1627984420;0;0;"2021-08-03 10:51:22"
1972660;NULL;NULL;6abca0f8-8939-44f5-ac26-739d4dd69216;47.58384704589844;6.860337734222412;63030;3426;2;3;1;2;1;0;1627984384;0;0;"2021-08-03 10:51:23"
1972661;NULL;NULL;6abca0f8-8939-44f5-ac26-739d4dd69216;47.58384704589844;6.860337734222412;63050;3504;2;3;1;2;1;0;1627984462;0;0;"2021-08-03 10:51:30"
1972662;NULL;NULL;6abca0f8-8939-44f5-ac26-739d4dd69216;47.58384704589844;6.860337734222412;63040;3468;2;3;1;2;1;0;1627984426;0;0;"2021-08-03 10:51:30"
1972663;NULL;NULL;6abca0f8-8939-44f5-ac26-739d4dd69216;47.58384704589844;6.860337734222412;63030;3432;2;3;1;2;1;0;1627984390;0;0;"2021-08-03 10:51:30"
1972664;NULL;NULL;6abca0f8-8939-44f5-ac26-739d4dd69216;47.58384704589844;6.860337734222412;63050;3510;2;3;1;2;1;0;1627984468;0;0;"2021-08-03 10:51:37"
1972665;NULL;NULL;6abca0f8-8939-44f5-ac26-739d4dd69216;47.58384704589844;6.860337734222412;63040;3474;2;3;1;2;1;0;1627984432;0;0;"2021-08-03 10:51:38"
1972666;NULL;NULL;6abca0f8-8939-44f5-ac26-739d4dd69216;47.58384704589844;6.860337734222412;63050;3516;2;3;1;2;1;0;1627984474;0;0;"2021-08-03 10:51:45"
1972667;NULL;NULL;6abca0f8-8939-44f5-ac26-739d4dd69216;47.58384704589844;6.860337734222412;63040;3480;2;3;1;2;1;0;1627984438;0;0;"2021-08-03 10:51:45"
1972668;NULL;NULL;6abca0f8-8939-44f5-ac26-739d4dd69216;47.58384704589844;6.860337734222412;63050;3613;2;3;1;2;1;0;1627984571;1;1;"2021-08-03 10:51:52"
1972669;NULL;NULL;6abca0f8-8939-44f5-ac26-739d4dd69216;47.58384704589844;6.860337734222412;63050;3522;2;3;1;2;1;0;1627984480;0;0;"2021-08-03 10:51:52"
1972670;NULL;NULL;6abca0f8-8939-44f5-ac26-739d4dd69216;47.58384704589844;6.860337734222412;63040;3486;2;3;1;2;1;0;1627984444;0;0;"2021-08-03 10:51:53"
1972671;NULL;NULL;6abca0f8-8939-44f5-ac26-739d4dd69216;47.58384704589844;6.860337734222412;63050;3528;2;3;1;2;1;0;1627984486;0;0;"2021-08-03 10:52:00"
1972672;NULL;NULL;6abca0f8-8939-44f5-ac26-739d4dd69216;47.58384704589844;6.860337734222412;63040;3492;2;3;1;2;1;0;1627984450;0;0;"2021-08-03 10:52:01"
1972673;NULL;NULL;6abca0f8-8939-44f5-ac26-739d4dd69216;47.58384704589844;6.860337734222412;63050;3534;2;3;1;2;1;0;1627984492;0;0;"2021-08-03 10:52:07"
1972674;NULL;NULL;6abca0f8-8939-44f5-ac26-739d4dd69216;47.58384704589844;6.860337734222412;63050;3540;2;3;1;2;1;0;1627984498;0;0;"2021-08-03 10:52:14"
1972675;NULL;NULL;6abca0f8-8939-44f5-ac26-739d4dd69216;47.58384704589844;6.860337734222412;63060;3558;2;3;1;2;1;0;1627984516;0;0;"2021-08-03 10:52:21"
1972676;NULL;NULL;6abca0f8-8939-44f5-ac26-739d4dd69216;47.58384704589844;6.860337734222412;63050;3546;2;3;1;2;1;0;1627984504;0;0;"2021-08-03 10:52:21"
1972677;NULL;NULL;6abca0f8-8939-44f5-ac26-739d4dd69216;47.58384704589844;6.860337734222412;63060;3564;2;3;1;2;1;0;1627984522;0;0;"2021-08-03 10:52:28"
1972678;NULL;NULL;6abca0f8-8939-44f5-ac26-739d4dd69216;47.58384704589844;6.860337734222412;63050;3552;2;3;1;2;1;0;1627984510;0;0;"2021-08-03 10:52:28"
1972679;NULL;NULL;6abca0f8-8939-44f5-ac26-739d4dd69216;47.58384704589844;6.860337734222412;63060;3570;2;3;1;2;1;0;1627984528;0;0;"2021-08-03 10:52:35"
1972680;NULL;NULL;6abca0f8-8939-44f5-ac26-739d4dd69216;47.58384704589844;6.860337734222412;63060;3576;2;3;1;2;1;0;1627984534;0;0;"2021-08-03 10:52:41"
1972681;NULL;NULL;6abca0f8-8939-44f5-ac26-739d4dd69216;47.58384704589844;6.860337734222412;63060;3582;2;3;1;2;1;0;1627984540;0;0;"2021-08-03 10:52:48"
